ModelID,Scenario,Method,SampleSize,alpha,TestStatCont,CommonStdDev,TestStatBin,FWERControl,nArms,nEps,lEpType,Arms.Mean,Arms.std.dev,Arms.Prop,Arms.alloc.ratio,EP.Corr,WI,G,test.type,info_frac,typeOfDesign,MultipleWinners,Selection,SelectionLook,SelectEndPoint,SelectionScale,SelectionCriterion,SelectionParmeter,KeepAssosiatedEps,ImplicitSSR,nSimulation,nSimulation_Stage2,Seed,SummaryStat,plotGraphs,Parallel
1,Scenario1: https://cytel1.atlassian.net/wiki/spaces/CIC/pages/4235821079/AdaptGMCP+-+Testing+for+Binary+Endpoint#Scenarios-to-Test,CombPValue,500,0.025,NA,NA,UnPooled,CombinationTest,5,1,"list(EP1 = ""Binary"")",NA,NA,"list(EP1 = c(0.1, 0.1, 0.1, 0.1, 0.1))","c(1, 1, 1, 1, 1)",NA,"rep(1/4, 4)","matrix(rep(0, 16), byrow = T, nrow = 4)",Bonf,1,NA,NA,NA,NA,NA,NA,NA,NA,NA,NA,25000,NA,Random,NULL,FALSE,TRUE
2,Scenario1: https://cytel1.atlassian.net/wiki/spaces/CIC/pages/4235821079/AdaptGMCP+-+Testing+for+Binary+Endpoint#Scenarios-to-Test,CombPValue,500,0.025,NA,NA,UnPooled,CombinationTest,5,1,"list(EP1 = ""Binary"")",NA,NA,"list(EP1 = c(0.1, 0.1, 0.1, 0.1, 0.1))","c(1, 1, 1, 1, 1)",NA,"rep(1/4, 4)","matrix(rep(0, 16), byrow = T, nrow = 4)",Sidak,1,NA,NA,NA,NA,NA,NA,NA,NA,NA,NA,25000,NA,Random,NULL,FALSE,TRUE
3,Scenario1: https://cytel1.atlassian.net/wiki/spaces/CIC/pages/4235821079/AdaptGMCP+-+Testing+for+Binary+Endpoint#Scenarios-to-Test,CombPValue,500,0.025,NA,NA,UnPooled,CombinationTest,5,1,"list(EP1 = ""Binary"")",NA,NA,"list(EP1 = c(0.1, 0.1, 0.1, 0.1, 0.1))","c(1, 1, 1, 1, 1)",NA,"rep(1/4, 4)","matrix(rep(0, 16), byrow = T, nrow = 4)",Simes,1,NA,NA,NA,NA,NA,NA,NA,NA,NA,NA,25000,NA,Random,NULL,FALSE,TRUE
4,Scenario1: https://cytel1.atlassian.net/wiki/spaces/CIC/pages/4235821079/AdaptGMCP+-+Testing+for+Binary+Endpoint#Scenarios-to-Test,CombPValue,500,0.025,NA,NA,UnPooled,CombinationTest,5,1,"list(EP1 = ""Binary"")",NA,NA,"list(EP1 = c(0.1, 0.1, 0.1, 0.1, 0.1))","c(1, 1, 1, 1, 1)",NA,"rep(1/4, 4)","matrix(rep(0, 16), byrow = T, nrow = 4)",Dunnett,1,NA,NA,NA,NA,NA,NA,NA,NA,NA,NA,25000,NA,Random,NULL,FALSE,TRUE
5,Scenario1: https://cytel1.atlassian.net/wiki/spaces/CIC/pages/4235821079/AdaptGMCP+-+Testing+for+Binary+Endpoint#Scenarios-to-Test,CombPValue,500,0.025,NA,NA,UnPooled,CombinationTest,5,1,"list(EP1 = ""Binary"")",NA,NA,"list(EP1 = c(0.1, 0.1, 0.1, 0.1, 0.1))","c(1, 1, 1, 1, 1)",NA,"rep(1/4, 4)","matrix(c(0, 1/3, 1/3, 1/3, 1/3, 0, 1/3, 1/3, 1/3, 1/3, 0, 1/3, 1/3, 1/3, 1/3, 0), byrow = T, nrow = 4)",Bonf,1,NA,NA,NA,NA,NA,NA,NA,NA,NA,NA,25000,NA,Random,NULL,FALSE,TRUE
6,Scenario1: https://cytel1.atlassian.net/wiki/spaces/CIC/pages/4235821079/AdaptGMCP+-+Testing+for+Binary+Endpoint#Scenarios-to-Test,CombPValue,500,0.025,NA,NA,UnPooled,CombinationTest,5,1,"list(EP1 = ""Binary"")",NA,NA,"list(EP1 = c(0.1, 0.1, 0.1, 0.1, 0.1))","c(1, 1, 1, 1, 1)",NA,"rep(1/4, 4)","matrix(c(0, 1/3, 1/3, 1/3, 1/3, 0, 1/3, 1/3, 1/3, 1/3, 0, 1/3, 1/3, 1/3, 1/3, 0), byrow = T, nrow = 4)",Sidak,1,NA,NA,NA,NA,NA,NA,NA,NA,NA,NA,25000,NA,Random,NULL,FALSE,TRUE
7,Scenario1: https://cytel1.atlassian.net/wiki/spaces/CIC/pages/4235821079/AdaptGMCP+-+Testing+for+Binary+Endpoint#Scenarios-to-Test,CombPValue,500,0.025,NA,NA,UnPooled,CombinationTest,5,1,"list(EP1 = ""Binary"")",NA,NA,"list(EP1 = c(0.1, 0.1, 0.1, 0.1, 0.1))","c(1, 1, 1, 1, 1)",NA,"rep(1/4, 4)","matrix(c(0, 1/3, 1/3, 1/3, 1/3, 0, 1/3, 1/3, 1/3, 1/3, 0, 1/3, 1/3, 1/3, 1/3, 0), byrow = T, nrow = 4)",Simes,1,NA,NA,NA,NA,NA,NA,NA,NA,NA,NA,25000,NA,Random,NULL,FALSE,TRUE
8,Scenario1: https://cytel1.atlassian.net/wiki/spaces/CIC/pages/4235821079/AdaptGMCP+-+Testing+for+Binary+Endpoint#Scenarios-to-Test,CombPValue,500,0.025,NA,NA,UnPooled,CombinationTest,5,1,"list(EP1 = ""Binary"")",NA,NA,"list(EP1 = c(0.1, 0.1, 0.1, 0.1, 0.1))","c(1, 1, 1, 1, 1)",NA,"rep(1/4, 4)","matrix(c(0, 1/3, 1/3, 1/3, 1/3, 0, 1/3, 1/3, 1/3, 1/3, 0, 1/3, 1/3, 1/3, 1/3, 0), byrow = T, nrow = 4)",Dunnett,1,NA,NA,NA,NA,NA,NA,NA,NA,NA,NA,25000,NA,Random,NULL,FALSE,TRUE
9,Scenario1: https://cytel1.atlassian.net/wiki/spaces/CIC/pages/4235821079/AdaptGMCP+-+Testing+for+Binary+Endpoint#Scenarios-to-Test,CombPValue,500,0.025,NA,NA,UnPooled,CombinationTest,5,1,"list(EP1 = ""Binary"")",NA,NA,"list(EP1 = c(0.1, 0.1, 0.1, 0.1, 0.1))","c(1, 1, 1, 1, 1)",NA,"c(0.4, 0.3, 0.2, 0.1)","matrix(c(0, 1/3, 1/3, 1/3, 1/3, 0, 1/3, 1/3, 1/3, 1/3, 0, 1/3, 1/3, 1/3, 1/3, 0), byrow = T, nrow = 4)",Bonf,1,NA,NA,NA,NA,NA,NA,NA,NA,NA,NA,25000,NA,Random,NULL,FALSE,TRUE
10,Scenario1: https://cytel1.atlassian.net/wiki/spaces/CIC/pages/4235821079/AdaptGMCP+-+Testing+for+Binary+Endpoint#Scenarios-to-Test,CombPValue,500,0.025,NA,NA,UnPooled,CombinationTest,5,1,"list(EP1 = ""Binary"")",NA,NA,"list(EP1 = c(0.1, 0.1, 0.1, 0.1, 0.1))","c(1, 1, 1, 1, 1)",NA,"c(0.4, 0.3, 0.2, 0.1)","matrix(c(0, 1/3, 1/3, 1/3, 1/3, 0, 1/3, 1/3, 1/3, 1/3, 0, 1/3, 1/3, 1/3, 1/3, 0), byrow = T, nrow = 4)",Sidak,1,NA,NA,NA,NA,NA,NA,NA,NA,NA,NA,25000,NA,Random,NULL,FALSE,TRUE
11,Scenario1: https://cytel1.atlassian.net/wiki/spaces/CIC/pages/4235821079/AdaptGMCP+-+Testing+for+Binary+Endpoint#Scenarios-to-Test,CombPValue,500,0.025,NA,NA,UnPooled,CombinationTest,5,1,"list(EP1 = ""Binary"")",NA,NA,"list(EP1 = c(0.1, 0.1, 0.1, 0.1, 0.1))","c(1, 1, 1, 1, 1)",NA,"c(0.4, 0.3, 0.2, 0.1)","matrix(c(0, 1/3, 1/3, 1/3, 1/3, 0, 1/3, 1/3, 1/3, 1/3, 0, 1/3, 1/3, 1/3, 1/3, 0), byrow = T, nrow = 4)",Simes,1,NA,NA,NA,NA,NA,NA,NA,NA,NA,NA,25000,NA,Random,NULL,FALSE,TRUE
12,Scenario1: https://cytel1.atlassian.net/wiki/spaces/CIC/pages/4235821079/AdaptGMCP+-+Testing+for+Binary+Endpoint#Scenarios-to-Test,CombPValue,500,0.025,NA,NA,UnPooled,CombinationTest,5,1,"list(EP1 = ""Binary"")",NA,NA,"list(EP1 = c(0.1, 0.1, 0.1, 0.1, 0.1))","c(1, 1, 1, 1, 1)",NA,"c(0.4, 0.3, 0.2, 0.1)","matrix(c(0, 1/3, 1/3, 1/3, 1/3, 0, 1/3, 1/3, 1/3, 1/3, 0, 1/3, 1/3, 1/3, 1/3, 0), byrow = T, nrow = 4)",Dunnett,1,NA,NA,NA,NA,NA,NA,NA,NA,NA,NA,25000,NA,Random,NULL,FALSE,TRUE
13,Scenario1: https://cytel1.atlassian.net/wiki/spaces/CIC/pages/4235821079/AdaptGMCP+-+Testing+for+Binary+Endpoint#Scenarios-to-Test,CombPValue,500,0.025,NA,NA,UnPooled,CombinationTest,5,1,"list(EP1 = ""Binary"")",NA,NA,"list(EP1 = c(0.1, 0.1, 0.1, 0.1, 0.1))","c(1, 1, 1, 1, 1)",NA,"c(1, 0, 0, 0)","matrix(c(0, 1, 0, 0, 0, 0, 1, 0, 0, 0, 0, 1, 0, 0, 0, 0), byrow = T, nrow = 4)",Bonf,1,NA,NA,NA,NA,NA,NA,NA,NA,NA,NA,25000,NA,Random,NULL,FALSE,TRUE
14,Scenario1: https://cytel1.atlassian.net/wiki/spaces/CIC/pages/4235821079/AdaptGMCP+-+Testing+for+Binary+Endpoint#Scenarios-to-Test,CombPValue,500,0.025,NA,NA,UnPooled,CombinationTest,5,1,"list(EP1 = ""Binary"")",NA,NA,"list(EP1 = c(0.1, 0.1, 0.1, 0.1, 0.1))","c(1, 1, 1, 1, 1)",NA,"c(1, 0, 0, 0)","matrix(c(0, 1, 0, 0, 0, 0, 1, 0, 0, 0, 0, 1, 0, 0, 0, 0), byrow = T, nrow = 4)",Sidak,1,NA,NA,NA,NA,NA,NA,NA,NA,NA,NA,25000,NA,Random,NULL,FALSE,TRUE
15,Scenario1: https://cytel1.atlassian.net/wiki/spaces/CIC/pages/4235821079/AdaptGMCP+-+Testing+for+Binary+Endpoint#Scenarios-to-Test,CombPValue,500,0.025,NA,NA,UnPooled,CombinationTest,5,1,"list(EP1 = ""Binary"")",NA,NA,"list(EP1 = c(0.1, 0.1, 0.1, 0.1, 0.1))","c(1, 1, 1, 1, 1)",NA,"c(1, 0, 0, 0)","matrix(c(0, 1, 0, 0, 0, 0, 1, 0, 0, 0, 0, 1, 0, 0, 0, 0), byrow = T, nrow = 4)",Simes,1,NA,NA,NA,NA,NA,NA,NA,NA,NA,NA,25000,NA,Random,NULL,FALSE,TRUE
16,Scenario1: https://cytel1.atlassian.net/wiki/spaces/CIC/pages/4235821079/AdaptGMCP+-+Testing+for+Binary+Endpoint#Scenarios-to-Test,CombPValue,500,0.025,NA,NA,UnPooled,CombinationTest,5,1,"list(EP1 = ""Binary"")",NA,NA,"list(EP1 = c(0.1, 0.1, 0.1, 0.1, 0.1))","c(1, 1, 1, 1, 1)",NA,"c(1, 0, 0, 0)","matrix(c(0, 1, 0, 0, 0, 0, 1, 0, 0, 0, 0, 1, 0, 0, 0, 0), byrow = T, nrow = 4)",Dunnett,1,NA,NA,NA,NA,NA,NA,NA,NA,NA,NA,25000,NA,Random,NULL,FALSE,TRUE
17,Scenario1: https://cytel1.atlassian.net/wiki/spaces/CIC/pages/4235821079/AdaptGMCP+-+Testing+for+Binary+Endpoint#Scenarios-to-Test,CombPValue,500,0.025,NA,NA,UnPooled,CombinationTest,5,1,"list(EP1 = ""Binary"")",NA,NA,"list(EP1 = c(0.1, 0.1, 0.1, 0.1, 0.1))","c(1, 1, 1, 1, 1)",NA,"c(0.4, 0.4, 0.1, 0.1)","matrix(c(0, 1, 0, 0, 0, 0, 1, 0, 0, 0, 0, 1, 0, 0, 0, 0), byrow = T, nrow = 4)",Bonf,1,NA,NA,NA,NA,NA,NA,NA,NA,NA,NA,25000,NA,Random,NULL,FALSE,TRUE
18,Scenario1: https://cytel1.atlassian.net/wiki/spaces/CIC/pages/4235821079/AdaptGMCP+-+Testing+for+Binary+Endpoint#Scenarios-to-Test,CombPValue,500,0.025,NA,NA,UnPooled,CombinationTest,5,1,"list(EP1 = ""Binary"")",NA,NA,"list(EP1 = c(0.1, 0.1, 0.1, 0.1, 0.1))","c(1, 1, 1, 1, 1)",NA,"c(0.4, 0.4, 0.1, 0.1)","matrix(c(0, 1, 0, 0, 0, 0, 1, 0, 0, 0, 0, 1, 0, 0, 0, 0), byrow = T, nrow = 4)",Sidak,1,NA,NA,NA,NA,NA,NA,NA,NA,NA,NA,25000,NA,Random,NULL,FALSE,TRUE
19,Scenario1: https://cytel1.atlassian.net/wiki/spaces/CIC/pages/4235821079/AdaptGMCP+-+Testing+for+Binary+Endpoint#Scenarios-to-Test,CombPValue,500,0.025,NA,NA,UnPooled,CombinationTest,5,1,"list(EP1 = ""Binary"")",NA,NA,"list(EP1 = c(0.1, 0.1, 0.1, 0.1, 0.1))","c(1, 1, 1, 1, 1)",NA,"c(0.4, 0.4, 0.1, 0.1)","matrix(c(0, 1, 0, 0, 0, 0, 1, 0, 0, 0, 0, 1, 0, 0, 0, 0), byrow = T, nrow = 4)",Simes,1,NA,NA,NA,NA,NA,NA,NA,NA,NA,NA,25000,NA,Random,NULL,FALSE,TRUE
20,Scenario1: https://cytel1.atlassian.net/wiki/spaces/CIC/pages/4235821079/AdaptGMCP+-+Testing+for+Binary+Endpoint#Scenarios-to-Test,CombPValue,500,0.025,NA,NA,UnPooled,CombinationTest,5,1,"list(EP1 = ""Binary"")",NA,NA,"list(EP1 = c(0.1, 0.1, 0.1, 0.1, 0.1))","c(1, 1, 1, 1, 1)",NA,"c(0.4, 0.4, 0.1, 0.1)","matrix(c(0, 1, 0, 0, 0, 0, 1, 0, 0, 0, 0, 1, 0, 0, 0, 0), byrow = T, nrow = 4)",Dunnett,1,NA,NA,NA,NA,NA,NA,NA,NA,NA,NA,25000,NA,Random,NULL,FALSE,TRUE
21,Scenario1: https://cytel1.atlassian.net/wiki/spaces/CIC/pages/4235821079/AdaptGMCP+-+Testing+for+Binary+Endpoint#Scenarios-to-Test,CombPValue,500,0.025,NA,NA,Pooled,CombinationTest,5,1,"list(EP1 = ""Binary"")",NA,NA,"list(EP1 = c(0.1, 0.1, 0.1, 0.1, 0.1))","c(1, 1, 1, 1, 1)",NA,"c(0.4, 0.4, 0.1, 0.1)","matrix(c(0, 1, 0, 0, 0, 0, 1, 0, 0, 0, 0, 1, 0, 0, 0, 0), byrow = T, nrow = 4)",Dunnett,1,NA,NA,NA,NA,NA,NA,NA,NA,NA,NA,25000,NA,Random,NULL,FALSE,TRUE
22,Scenario2: https://cytel1.atlassian.net/wiki/spaces/CIC/pages/4235821079/AdaptGMCP+-+Testing+for+Binary+Endpoint#Scenarios-to-Test,CombPValue,500,0.025,NA,NA,UnPooled,CombinationTest,5,1,"list(EP1 = ""Binary"")",NA,NA,"list(EP1 = rep(0.22, 5))","c(1, 1, 1, 1, 1)",NA,"rep(1/4, 4)","matrix(rep(0, 16), byrow = T, nrow = 4)",Bonf,1,NA,NA,NA,NA,NA,NA,NA,NA,NA,NA,25000,NA,Random,NULL,FALSE,TRUE
23,Scenario2: https://cytel1.atlassian.net/wiki/spaces/CIC/pages/4235821079/AdaptGMCP+-+Testing+for+Binary+Endpoint#Scenarios-to-Test,CombPValue,500,0.025,NA,NA,UnPooled,CombinationTest,5,1,"list(EP1 = ""Binary"")",NA,NA,"list(EP1 = rep(0.22, 5))","c(1, 1, 1, 1, 1)",NA,"rep(1/4, 4)","matrix(rep(0, 16), byrow = T, nrow = 4)",Sidak,1,NA,NA,NA,NA,NA,NA,NA,NA,NA,NA,25000,NA,Random,NULL,FALSE,TRUE
24,Scenario2: https://cytel1.atlassian.net/wiki/spaces/CIC/pages/4235821079/AdaptGMCP+-+Testing+for+Binary+Endpoint#Scenarios-to-Test,CombPValue,500,0.025,NA,NA,UnPooled,CombinationTest,5,1,"list(EP1 = ""Binary"")",NA,NA,"list(EP1 = rep(0.22, 5))","c(1, 1, 1, 1, 1)",NA,"rep(1/4, 4)","matrix(rep(0, 16), byrow = T, nrow = 4)",Simes,1,NA,NA,NA,NA,NA,NA,NA,NA,NA,NA,25000,NA,Random,NULL,FALSE,TRUE
25,Scenario2: https://cytel1.atlassian.net/wiki/spaces/CIC/pages/4235821079/AdaptGMCP+-+Testing+for+Binary+Endpoint#Scenarios-to-Test,CombPValue,500,0.025,NA,NA,UnPooled,CombinationTest,5,1,"list(EP1 = ""Binary"")",NA,NA,"list(EP1 = rep(0.22, 5))","c(1, 1, 1, 1, 1)",NA,"rep(1/4, 4)","matrix(rep(0, 16), byrow = T, nrow = 4)",Dunnett,1,NA,NA,NA,NA,NA,NA,NA,NA,NA,NA,25000,NA,Random,NULL,FALSE,TRUE
26,Scenario2: https://cytel1.atlassian.net/wiki/spaces/CIC/pages/4235821079/AdaptGMCP+-+Testing+for+Binary+Endpoint#Scenarios-to-Test,CombPValue,500,0.025,NA,NA,UnPooled,CombinationTest,5,1,"list(EP1 = ""Binary"")",NA,NA,"list(EP1 = rep(0.22, 5))","c(1, 1, 1, 1, 1)",NA,"rep(1/4, 4)","matrix(c(0, 1/3, 1/3, 1/3, 1/3, 0, 1/3, 1/3, 1/3, 1/3, 0, 1/3, 1/3, 1/3, 1/3, 0), byrow = T, nrow = 4)",Bonf,1,NA,NA,NA,NA,NA,NA,NA,NA,NA,NA,25000,NA,Random,NULL,FALSE,TRUE
27,Scenario2: https://cytel1.atlassian.net/wiki/spaces/CIC/pages/4235821079/AdaptGMCP+-+Testing+for+Binary+Endpoint#Scenarios-to-Test,CombPValue,500,0.025,NA,NA,UnPooled,CombinationTest,5,1,"list(EP1 = ""Binary"")",NA,NA,"list(EP1 = rep(0.22, 5))","c(1, 1, 1, 1, 1)",NA,"rep(1/4, 4)","matrix(c(0, 1/3, 1/3, 1/3, 1/3, 0, 1/3, 1/3, 1/3, 1/3, 0, 1/3, 1/3, 1/3, 1/3, 0), byrow = T, nrow = 4)",Sidak,1,NA,NA,NA,NA,NA,NA,NA,NA,NA,NA,25000,NA,Random,NULL,FALSE,TRUE
28,Scenario2: https://cytel1.atlassian.net/wiki/spaces/CIC/pages/4235821079/AdaptGMCP+-+Testing+for+Binary+Endpoint#Scenarios-to-Test,CombPValue,500,0.025,NA,NA,UnPooled,CombinationTest,5,1,"list(EP1 = ""Binary"")",NA,NA,"list(EP1 = rep(0.22, 5))","c(1, 1, 1, 1, 1)",NA,"rep(1/4, 4)","matrix(c(0, 1/3, 1/3, 1/3, 1/3, 0, 1/3, 1/3, 1/3, 1/3, 0, 1/3, 1/3, 1/3, 1/3, 0), byrow = T, nrow = 4)",Simes,1,NA,NA,NA,NA,NA,NA,NA,NA,NA,NA,25000,NA,Random,NULL,FALSE,TRUE
29,Scenario2: https://cytel1.atlassian.net/wiki/spaces/CIC/pages/4235821079/AdaptGMCP+-+Testing+for+Binary+Endpoint#Scenarios-to-Test,CombPValue,500,0.025,NA,NA,UnPooled,CombinationTest,5,1,"list(EP1 = ""Binary"")",NA,NA,"list(EP1 = rep(0.22, 5))","c(1, 1, 1, 1, 1)",NA,"rep(1/4, 4)","matrix(c(0, 1/3, 1/3, 1/3, 1/3, 0, 1/3, 1/3, 1/3, 1/3, 0, 1/3, 1/3, 1/3, 1/3, 0), byrow = T, nrow = 4)",Dunnett,1,NA,NA,NA,NA,NA,NA,NA,NA,NA,NA,25000,NA,Random,NULL,FALSE,TRUE
30,Scenario2: https://cytel1.atlassian.net/wiki/spaces/CIC/pages/4235821079/AdaptGMCP+-+Testing+for+Binary+Endpoint#Scenarios-to-Test,CombPValue,500,0.025,NA,NA,UnPooled,CombinationTest,5,1,"list(EP1 = ""Binary"")",NA,NA,"list(EP1 = rep(0.22, 5))","c(1, 1, 1, 1, 1)",NA,"c(0.4, 0.3, 0.2, 0.1)","matrix(c(0, 1/3, 1/3, 1/3, 1/3, 0, 1/3, 1/3, 1/3, 1/3, 0, 1/3, 1/3, 1/3, 1/3, 0), byrow = T, nrow = 4)",Bonf,1,NA,NA,NA,NA,NA,NA,NA,NA,NA,NA,25000,NA,Random,NULL,FALSE,TRUE
31,Scenario2: https://cytel1.atlassian.net/wiki/spaces/CIC/pages/4235821079/AdaptGMCP+-+Testing+for+Binary+Endpoint#Scenarios-to-Test,CombPValue,500,0.025,NA,NA,UnPooled,CombinationTest,5,1,"list(EP1 = ""Binary"")",NA,NA,"list(EP1 = rep(0.22, 5))","c(1, 1, 1, 1, 1)",NA,"c(0.4, 0.3, 0.2, 0.1)","matrix(c(0, 1/3, 1/3, 1/3, 1/3, 0, 1/3, 1/3, 1/3, 1/3, 0, 1/3, 1/3, 1/3, 1/3, 0), byrow = T, nrow = 4)",Sidak,1,NA,NA,NA,NA,NA,NA,NA,NA,NA,NA,25000,NA,Random,NULL,FALSE,TRUE
32,Scenario2: https://cytel1.atlassian.net/wiki/spaces/CIC/pages/4235821079/AdaptGMCP+-+Testing+for+Binary+Endpoint#Scenarios-to-Test,CombPValue,500,0.025,NA,NA,UnPooled,CombinationTest,5,1,"list(EP1 = ""Binary"")",NA,NA,"list(EP1 = rep(0.22, 5))","c(1, 1, 1, 1, 1)",NA,"c(0.4, 0.3, 0.2, 0.1)","matrix(c(0, 1/3, 1/3, 1/3, 1/3, 0, 1/3, 1/3, 1/3, 1/3, 0, 1/3, 1/3, 1/3, 1/3, 0), byrow = T, nrow = 4)",Simes,1,NA,NA,NA,NA,NA,NA,NA,NA,NA,NA,25000,NA,Random,NULL,FALSE,TRUE
33,Scenario2: https://cytel1.atlassian.net/wiki/spaces/CIC/pages/4235821079/AdaptGMCP+-+Testing+for+Binary+Endpoint#Scenarios-to-Test,CombPValue,500,0.025,NA,NA,UnPooled,CombinationTest,5,1,"list(EP1 = ""Binary"")",NA,NA,"list(EP1 = rep(0.22, 5))","c(1, 1, 1, 1, 1)",NA,"c(0.4, 0.3, 0.2, 0.1)","matrix(c(0, 1/3, 1/3, 1/3, 1/3, 0, 1/3, 1/3, 1/3, 1/3, 0, 1/3, 1/3, 1/3, 1/3, 0), byrow = T, nrow = 4)",Dunnett,1,NA,NA,NA,NA,NA,NA,NA,NA,NA,NA,25000,NA,Random,NULL,FALSE,TRUE
34,Scenario2: https://cytel1.atlassian.net/wiki/spaces/CIC/pages/4235821079/AdaptGMCP+-+Testing+for+Binary+Endpoint#Scenarios-to-Test,CombPValue,500,0.025,NA,NA,UnPooled,CombinationTest,5,1,"list(EP1 = ""Binary"")",NA,NA,"list(EP1 = rep(0.22, 5))","c(1, 1, 1, 1, 1)",NA,"c(1, 0, 0, 0)","matrix(c(0, 1, 0, 0, 0, 0, 1, 0, 0, 0, 0, 1, 0, 0, 0, 0), byrow = T, nrow = 4)",Bonf,1,NA,NA,NA,NA,NA,NA,NA,NA,NA,NA,25000,NA,Random,NULL,FALSE,TRUE
35,Scenario2: https://cytel1.atlassian.net/wiki/spaces/CIC/pages/4235821079/AdaptGMCP+-+Testing+for+Binary+Endpoint#Scenarios-to-Test,CombPValue,500,0.025,NA,NA,UnPooled,CombinationTest,5,1,"list(EP1 = ""Binary"")",NA,NA,"list(EP1 = rep(0.22, 5))","c(1, 1, 1, 1, 1)",NA,"c(1, 0, 0, 0)","matrix(c(0, 1, 0, 0, 0, 0, 1, 0, 0, 0, 0, 1, 0, 0, 0, 0), byrow = T, nrow = 4)",Sidak,1,NA,NA,NA,NA,NA,NA,NA,NA,NA,NA,25000,NA,Random,NULL,FALSE,TRUE
36,Scenario2: https://cytel1.atlassian.net/wiki/spaces/CIC/pages/4235821079/AdaptGMCP+-+Testing+for+Binary+Endpoint#Scenarios-to-Test,CombPValue,500,0.025,NA,NA,UnPooled,CombinationTest,5,1,"list(EP1 = ""Binary"")",NA,NA,"list(EP1 = rep(0.22, 5))","c(1, 1, 1, 1, 1)",NA,"c(1, 0, 0, 0)","matrix(c(0, 1, 0, 0, 0, 0, 1, 0, 0, 0, 0, 1, 0, 0, 0, 0), byrow = T, nrow = 4)",Simes,1,NA,NA,NA,NA,NA,NA,NA,NA,NA,NA,25000,NA,Random,NULL,FALSE,TRUE
37,Scenario2: https://cytel1.atlassian.net/wiki/spaces/CIC/pages/4235821079/AdaptGMCP+-+Testing+for+Binary+Endpoint#Scenarios-to-Test,CombPValue,500,0.025,NA,NA,UnPooled,CombinationTest,5,1,"list(EP1 = ""Binary"")",NA,NA,"list(EP1 = rep(0.22, 5))","c(1, 1, 1, 1, 1)",NA,"c(1, 0, 0, 0)","matrix(c(0, 1, 0, 0, 0, 0, 1, 0, 0, 0, 0, 1, 0, 0, 0, 0), byrow = T, nrow = 4)",Dunnett,1,NA,NA,NA,NA,NA,NA,NA,NA,NA,NA,25000,NA,Random,NULL,FALSE,TRUE
38,Scenario2: https://cytel1.atlassian.net/wiki/spaces/CIC/pages/4235821079/AdaptGMCP+-+Testing+for+Binary+Endpoint#Scenarios-to-Test,CombPValue,500,0.025,NA,NA,UnPooled,CombinationTest,5,1,"list(EP1 = ""Binary"")",NA,NA,"list(EP1 = rep(0.22, 5))","c(1, 1, 1, 1, 1)",NA,"c(0.4, 0.4, 0.1, 0.1)","matrix(c(0, 1, 0, 0, 0, 0, 1, 0, 0, 0, 0, 1, 0, 0, 0, 0), byrow = T, nrow = 4)",Bonf,1,NA,NA,NA,NA,NA,NA,NA,NA,NA,NA,25000,NA,Random,NULL,FALSE,TRUE
39,Scenario2: https://cytel1.atlassian.net/wiki/spaces/CIC/pages/4235821079/AdaptGMCP+-+Testing+for+Binary+Endpoint#Scenarios-to-Test,CombPValue,500,0.025,NA,NA,UnPooled,CombinationTest,5,1,"list(EP1 = ""Binary"")",NA,NA,"list(EP1 = rep(0.22, 5))","c(1, 1, 1, 1, 1)",NA,"c(0.4, 0.4, 0.1, 0.1)","matrix(c(0, 1, 0, 0, 0, 0, 1, 0, 0, 0, 0, 1, 0, 0, 0, 0), byrow = T, nrow = 4)",Sidak,1,NA,NA,NA,NA,NA,NA,NA,NA,NA,NA,25000,NA,Random,NULL,FALSE,TRUE
40,Scenario2: https://cytel1.atlassian.net/wiki/spaces/CIC/pages/4235821079/AdaptGMCP+-+Testing+for+Binary+Endpoint#Scenarios-to-Test,CombPValue,500,0.025,NA,NA,UnPooled,CombinationTest,5,1,"list(EP1 = ""Binary"")",NA,NA,"list(EP1 = rep(0.22, 5))","c(1, 1, 1, 1, 1)",NA,"c(0.4, 0.4, 0.1, 0.1)","matrix(c(0, 1, 0, 0, 0, 0, 1, 0, 0, 0, 0, 1, 0, 0, 0, 0), byrow = T, nrow = 4)",Simes,1,NA,NA,NA,NA,NA,NA,NA,NA,NA,NA,25000,NA,Random,NULL,FALSE,TRUE
41,Scenario2: https://cytel1.atlassian.net/wiki/spaces/CIC/pages/4235821079/AdaptGMCP+-+Testing+for+Binary+Endpoint#Scenarios-to-Test,CombPValue,500,0.025,NA,NA,UnPooled,CombinationTest,5,1,"list(EP1 = ""Binary"")",NA,NA,"list(EP1 = rep(0.22, 5))","c(1, 1, 1, 1, 1)",NA,"c(0.4, 0.4, 0.1, 0.1)","matrix(c(0, 1, 0, 0, 0, 0, 1, 0, 0, 0, 0, 1, 0, 0, 0, 0), byrow = T, nrow = 4)",Dunnett,1,NA,NA,NA,NA,NA,NA,NA,NA,NA,NA,25000,NA,Random,NULL,FALSE,TRUE
42,Scenario3: https://cytel1.atlassian.net/wiki/spaces/CIC/pages/4235821079/AdaptGMCP+-+Testing+for+Binary+Endpoint#Scenarios-to-Test,CombPValue,600,0.025,NA,NA,UnPooled,CombinationTest,5,1,"list(EP1 = ""Binary"")",NA,NA,"list(EP1 = rep(0.22, 5))","c(1, 1, 1, 1.5, 1.5)",NA,"rep(1/4, 4)","matrix(rep(0, 16), byrow = T, nrow = 4)",Bonf,1,NA,NA,NA,NA,NA,NA,NA,NA,NA,NA,25000,NA,Random,NULL,FALSE,TRUE
43,Scenario3: https://cytel1.atlassian.net/wiki/spaces/CIC/pages/4235821079/AdaptGMCP+-+Testing+for+Binary+Endpoint#Scenarios-to-Test,CombPValue,600,0.025,NA,NA,UnPooled,CombinationTest,5,1,"list(EP1 = ""Binary"")",NA,NA,"list(EP1 = rep(0.22, 5))","c(1, 1, 1, 1.5, 1.5)",NA,"rep(1/4, 4)","matrix(rep(0, 16), byrow = T, nrow = 4)",Sidak,1,NA,NA,NA,NA,NA,NA,NA,NA,NA,NA,25000,NA,Random,NULL,FALSE,TRUE
44,Scenario3: https://cytel1.atlassian.net/wiki/spaces/CIC/pages/4235821079/AdaptGMCP+-+Testing+for+Binary+Endpoint#Scenarios-to-Test,CombPValue,600,0.025,NA,NA,UnPooled,CombinationTest,5,1,"list(EP1 = ""Binary"")",NA,NA,"list(EP1 = rep(0.22, 5))","c(1, 1, 1, 1.5, 1.5)",NA,"rep(1/4, 4)","matrix(rep(0, 16), byrow = T, nrow = 4)",Simes,1,NA,NA,NA,NA,NA,NA,NA,NA,NA,NA,25000,NA,Random,NULL,FALSE,TRUE
45,Scenario3: https://cytel1.atlassian.net/wiki/spaces/CIC/pages/4235821079/AdaptGMCP+-+Testing+for+Binary+Endpoint#Scenarios-to-Test,CombPValue,600,0.025,NA,NA,UnPooled,CombinationTest,5,1,"list(EP1 = ""Binary"")",NA,NA,"list(EP1 = rep(0.22, 5))","c(1, 1, 1, 1.5, 1.5)",NA,"rep(1/4, 4)","matrix(rep(0, 16), byrow = T, nrow = 4)",Dunnett,1,NA,NA,NA,NA,NA,NA,NA,NA,NA,NA,25000,NA,Random,NULL,FALSE,TRUE
46,Scenario3: https://cytel1.atlassian.net/wiki/spaces/CIC/pages/4235821079/AdaptGMCP+-+Testing+for+Binary+Endpoint#Scenarios-to-Test,CombPValue,600,0.025,NA,NA,UnPooled,CombinationTest,5,1,"list(EP1 = ""Binary"")",NA,NA,"list(EP1 = rep(0.22, 5))","c(1, 1, 1, 1.5, 1.5)",NA,"rep(1/4, 4)","matrix(c(0, 1/3, 1/3, 1/3, 1/3, 0, 1/3, 1/3, 1/3, 1/3, 0, 1/3, 1/3, 1/3, 1/3, 0), byrow = T, nrow = 4)",Bonf,1,NA,NA,NA,NA,NA,NA,NA,NA,NA,NA,25000,NA,Random,NULL,FALSE,TRUE
47,Scenario3: https://cytel1.atlassian.net/wiki/spaces/CIC/pages/4235821079/AdaptGMCP+-+Testing+for+Binary+Endpoint#Scenarios-to-Test,CombPValue,600,0.025,NA,NA,UnPooled,CombinationTest,5,1,"list(EP1 = ""Binary"")",NA,NA,"list(EP1 = rep(0.22, 5))","c(1, 1, 1, 1.5, 1.5)",NA,"rep(1/4, 4)","matrix(c(0, 1/3, 1/3, 1/3, 1/3, 0, 1/3, 1/3, 1/3, 1/3, 0, 1/3, 1/3, 1/3, 1/3, 0), byrow = T, nrow = 4)",Sidak,1,NA,NA,NA,NA,NA,NA,NA,NA,NA,NA,25000,NA,Random,NULL,FALSE,TRUE
48,Scenario3: https://cytel1.atlassian.net/wiki/spaces/CIC/pages/4235821079/AdaptGMCP+-+Testing+for+Binary+Endpoint#Scenarios-to-Test,CombPValue,600,0.025,NA,NA,UnPooled,CombinationTest,5,1,"list(EP1 = ""Binary"")",NA,NA,"list(EP1 = rep(0.22, 5))","c(1, 1, 1, 1.5, 1.5)",NA,"rep(1/4, 4)","matrix(c(0, 1/3, 1/3, 1/3, 1/3, 0, 1/3, 1/3, 1/3, 1/3, 0, 1/3, 1/3, 1/3, 1/3, 0), byrow = T, nrow = 4)",Simes,1,NA,NA,NA,NA,NA,NA,NA,NA,NA,NA,25000,NA,Random,NULL,FALSE,TRUE
49,Scenario3: https://cytel1.atlassian.net/wiki/spaces/CIC/pages/4235821079/AdaptGMCP+-+Testing+for+Binary+Endpoint#Scenarios-to-Test,CombPValue,600,0.025,NA,NA,UnPooled,CombinationTest,5,1,"list(EP1 = ""Binary"")",NA,NA,"list(EP1 = rep(0.22, 5))","c(1, 1, 1, 1.5, 1.5)",NA,"rep(1/4, 4)","matrix(c(0, 1/3, 1/3, 1/3, 1/3, 0, 1/3, 1/3, 1/3, 1/3, 0, 1/3, 1/3, 1/3, 1/3, 0), byrow = T, nrow = 4)",Dunnett,1,NA,NA,NA,NA,NA,NA,NA,NA,NA,NA,25000,NA,Random,NULL,FALSE,TRUE
50,Scenario3: https://cytel1.atlassian.net/wiki/spaces/CIC/pages/4235821079/AdaptGMCP+-+Testing+for+Binary+Endpoint#Scenarios-to-Test,CombPValue,600,0.025,NA,NA,UnPooled,CombinationTest,5,1,"list(EP1 = ""Binary"")",NA,NA,"list(EP1 = rep(0.22, 5))","c(1, 1, 1, 1.5, 1.5)",NA,"c(0.4, 0.3, 0.2, 0.1)","matrix(c(0, 1/3, 1/3, 1/3, 1/3, 0, 1/3, 1/3, 1/3, 1/3, 0, 1/3, 1/3, 1/3, 1/3, 0), byrow = T, nrow = 4)",Bonf,1,NA,NA,NA,NA,NA,NA,NA,NA,NA,NA,25000,NA,Random,NULL,FALSE,TRUE
51,Scenario3: https://cytel1.atlassian.net/wiki/spaces/CIC/pages/4235821079/AdaptGMCP+-+Testing+for+Binary+Endpoint#Scenarios-to-Test,CombPValue,600,0.025,NA,NA,UnPooled,CombinationTest,5,1,"list(EP1 = ""Binary"")",NA,NA,"list(EP1 = rep(0.22, 5))","c(1, 1, 1, 1.5, 1.5)",NA,"c(0.4, 0.3, 0.2, 0.1)","matrix(c(0, 1/3, 1/3, 1/3, 1/3, 0, 1/3, 1/3, 1/3, 1/3, 0, 1/3, 1/3, 1/3, 1/3, 0), byrow = T, nrow = 4)",Sidak,1,NA,NA,NA,NA,NA,NA,NA,NA,NA,NA,25000,NA,Random,NULL,FALSE,TRUE
52,Scenario3: https://cytel1.atlassian.net/wiki/spaces/CIC/pages/4235821079/AdaptGMCP+-+Testing+for+Binary+Endpoint#Scenarios-to-Test,CombPValue,600,0.025,NA,NA,UnPooled,CombinationTest,5,1,"list(EP1 = ""Binary"")",NA,NA,"list(EP1 = rep(0.22, 5))","c(1, 1, 1, 1.5, 1.5)",NA,"c(0.4, 0.3, 0.2, 0.1)","matrix(c(0, 1/3, 1/3, 1/3, 1/3, 0, 1/3, 1/3, 1/3, 1/3, 0, 1/3, 1/3, 1/3, 1/3, 0), byrow = T, nrow = 4)",Simes,1,NA,NA,NA,NA,NA,NA,NA,NA,NA,NA,25000,NA,Random,NULL,FALSE,TRUE
53,Scenario3: https://cytel1.atlassian.net/wiki/spaces/CIC/pages/4235821079/AdaptGMCP+-+Testing+for+Binary+Endpoint#Scenarios-to-Test,CombPValue,600,0.025,NA,NA,UnPooled,CombinationTest,5,1,"list(EP1 = ""Binary"")",NA,NA,"list(EP1 = rep(0.22, 5))","c(1, 1, 1, 1.5, 1.5)",NA,"c(0.4, 0.3, 0.2, 0.1)","matrix(c(0, 1/3, 1/3, 1/3, 1/3, 0, 1/3, 1/3, 1/3, 1/3, 0, 1/3, 1/3, 1/3, 1/3, 0), byrow = T, nrow = 4)",Dunnett,1,NA,NA,NA,NA,NA,NA,NA,NA,NA,NA,25000,NA,Random,NULL,FALSE,TRUE
54,Scenario3: https://cytel1.atlassian.net/wiki/spaces/CIC/pages/4235821079/AdaptGMCP+-+Testing+for+Binary+Endpoint#Scenarios-to-Test,CombPValue,600,0.025,NA,NA,UnPooled,CombinationTest,5,1,"list(EP1 = ""Binary"")",NA,NA,"list(EP1 = rep(0.22, 5))","c(1, 1, 1, 1.5, 1.5)",NA,"c(1, 0, 0, 0)","matrix(c(0, 1, 0, 0, 0, 0, 1, 0, 0, 0, 0, 1, 0, 0, 0, 0), byrow = T, nrow = 4)",Bonf,1,NA,NA,NA,NA,NA,NA,NA,NA,NA,NA,25000,NA,Random,NULL,FALSE,TRUE
55,Scenario3: https://cytel1.atlassian.net/wiki/spaces/CIC/pages/4235821079/AdaptGMCP+-+Testing+for+Binary+Endpoint#Scenarios-to-Test,CombPValue,600,0.025,NA,NA,UnPooled,CombinationTest,5,1,"list(EP1 = ""Binary"")",NA,NA,"list(EP1 = rep(0.22, 5))","c(1, 1, 1, 1.5, 1.5)",NA,"c(1, 0, 0, 0)","matrix(c(0, 1, 0, 0, 0, 0, 1, 0, 0, 0, 0, 1, 0, 0, 0, 0), byrow = T, nrow = 4)",Sidak,1,NA,NA,NA,NA,NA,NA,NA,NA,NA,NA,25000,NA,Random,NULL,FALSE,TRUE
56,Scenario3: https://cytel1.atlassian.net/wiki/spaces/CIC/pages/4235821079/AdaptGMCP+-+Testing+for+Binary+Endpoint#Scenarios-to-Test,CombPValue,600,0.025,NA,NA,UnPooled,CombinationTest,5,1,"list(EP1 = ""Binary"")",NA,NA,"list(EP1 = rep(0.22, 5))","c(1, 1, 1, 1.5, 1.5)",NA,"c(1, 0, 0, 0)","matrix(c(0, 1, 0, 0, 0, 0, 1, 0, 0, 0, 0, 1, 0, 0, 0, 0), byrow = T, nrow = 4)",Simes,1,NA,NA,NA,NA,NA,NA,NA,NA,NA,NA,25000,NA,Random,NULL,FALSE,TRUE
57,Scenario3: https://cytel1.atlassian.net/wiki/spaces/CIC/pages/4235821079/AdaptGMCP+-+Testing+for+Binary+Endpoint#Scenarios-to-Test,CombPValue,600,0.025,NA,NA,UnPooled,CombinationTest,5,1,"list(EP1 = ""Binary"")",NA,NA,"list(EP1 = rep(0.22, 5))","c(1, 1, 1, 1.5, 1.5)",NA,"c(1, 0, 0, 0)","matrix(c(0, 1, 0, 0, 0, 0, 1, 0, 0, 0, 0, 1, 0, 0, 0, 0), byrow = T, nrow = 4)",Dunnett,1,NA,NA,NA,NA,NA,NA,NA,NA,NA,NA,25000,NA,Random,NULL,FALSE,TRUE
58,Scenario3: https://cytel1.atlassian.net/wiki/spaces/CIC/pages/4235821079/AdaptGMCP+-+Testing+for+Binary+Endpoint#Scenarios-to-Test,CombPValue,600,0.025,NA,NA,UnPooled,CombinationTest,5,1,"list(EP1 = ""Binary"")",NA,NA,"list(EP1 = rep(0.22, 5))","c(1, 1, 1, 1.5, 1.5)",NA,"c(0.4, 0.4, 0.1, 0.1)","matrix(c(0, 1, 0, 0, 0, 0, 1, 0, 0, 0, 0, 1, 0, 0, 0, 0), byrow = T, nrow = 4)",Bonf,1,NA,NA,NA,NA,NA,NA,NA,NA,NA,NA,25000,NA,Random,NULL,FALSE,TRUE
59,Scenario3: https://cytel1.atlassian.net/wiki/spaces/CIC/pages/4235821079/AdaptGMCP+-+Testing+for+Binary+Endpoint#Scenarios-to-Test,CombPValue,600,0.025,NA,NA,UnPooled,CombinationTest,5,1,"list(EP1 = ""Binary"")",NA,NA,"list(EP1 = rep(0.22, 5))","c(1, 1, 1, 1.5, 1.5)",NA,"c(0.4, 0.4, 0.1, 0.1)","matrix(c(0, 1, 0, 0, 0, 0, 1, 0, 0, 0, 0, 1, 0, 0, 0, 0), byrow = T, nrow = 4)",Sidak,1,NA,NA,NA,NA,NA,NA,NA,NA,NA,NA,25000,NA,Random,NULL,FALSE,TRUE
60,Scenario3: https://cytel1.atlassian.net/wiki/spaces/CIC/pages/4235821079/AdaptGMCP+-+Testing+for+Binary+Endpoint#Scenarios-to-Test,CombPValue,600,0.025,NA,NA,UnPooled,CombinationTest,5,1,"list(EP1 = ""Binary"")",NA,NA,"list(EP1 = rep(0.22, 5))","c(1, 1, 1, 1.5, 1.5)",NA,"c(0.4, 0.4, 0.1, 0.1)","matrix(c(0, 1, 0, 0, 0, 0, 1, 0, 0, 0, 0, 1, 0, 0, 0, 0), byrow = T, nrow = 4)",Simes,1,NA,NA,NA,NA,NA,NA,NA,NA,NA,NA,25000,NA,Random,NULL,FALSE,TRUE
61,Scenario3: https://cytel1.atlassian.net/wiki/spaces/CIC/pages/4235821079/AdaptGMCP+-+Testing+for+Binary+Endpoint#Scenarios-to-Test,CombPValue,600,0.025,NA,NA,UnPooled,CombinationTest,5,1,"list(EP1 = ""Binary"")",NA,NA,"list(EP1 = rep(0.22, 5))","c(1, 1, 1, 1.5, 1.5)",NA,"c(0.4, 0.4, 0.1, 0.1)","matrix(c(0, 1, 0, 0, 0, 0, 1, 0, 0, 0, 0, 1, 0, 0, 0, 0), byrow = T, nrow = 4)",Dunnett,1,NA,NA,NA,NA,NA,NA,NA,NA,NA,NA,25000,NA,Random,NULL,FALSE,TRUE
62,Scenario3: https://cytel1.atlassian.net/wiki/spaces/CIC/pages/4235821079/AdaptGMCP+-+Testing+for+Binary+Endpoint#Scenarios-to-Test,CombPValue,600,0.025,NA,NA,Pooled,CombinationTest,5,1,"list(EP1 = ""Binary"")",NA,NA,"list(EP1 = rep(0.22, 5))","c(1, 1, 1, 1.5, 1.5)",NA,"rep(1/4, 4)","matrix(rep(0, 16), byrow = T, nrow = 4)",Sidak,1,NA,NA,NA,NA,NA,NA,NA,NA,NA,NA,25000,NA,Random,NULL,FALSE,TRUE
63,Scenario3: https://cytel1.atlassian.net/wiki/spaces/CIC/pages/4235821079/AdaptGMCP+-+Testing+for+Binary+Endpoint#Scenarios-to-Test,CombPValue,600,0.025,NA,NA,Pooled,CombinationTest,5,1,"list(EP1 = ""Binary"")",NA,NA,"list(EP1 = rep(0.22, 5))","c(1, 1, 1, 1.5, 1.5)",NA,"rep(1/4, 4)","matrix(c(0, 1/3, 1/3, 1/3, 1/3, 0, 1/3, 1/3, 1/3, 1/3, 0, 1/3, 1/3, 1/3, 1/3, 0), byrow = T, nrow = 4)",Simes,1,NA,NA,NA,NA,NA,NA,NA,NA,NA,NA,25000,NA,Random,NULL,FALSE,TRUE
64,Scenario3: https://cytel1.atlassian.net/wiki/spaces/CIC/pages/4235821079/AdaptGMCP+-+Testing+for+Binary+Endpoint#Scenarios-to-Test,CombPValue,600,0.025,NA,NA,Pooled,CombinationTest,5,1,"list(EP1 = ""Binary"")",NA,NA,"list(EP1 = rep(0.22, 5))","c(1, 1, 1, 1.5, 1.5)",NA,"c(1, 0, 0, 0)","matrix(c(0, 1, 0, 0, 0, 0, 1, 0, 0, 0, 0, 1, 0, 0, 0, 0), byrow = T, nrow = 4)",Sidak,1,NA,NA,NA,NA,NA,NA,NA,NA,NA,NA,25000,NA,Random,NULL,FALSE,TRUE
65,Scenario3: https://cytel1.atlassian.net/wiki/spaces/CIC/pages/4235821079/AdaptGMCP+-+Testing+for+Binary+Endpoint#Scenarios-to-Test,CombPValue,600,0.025,NA,NA,Pooled,CombinationTest,5,1,"list(EP1 = ""Binary"")",NA,NA,"list(EP1 = rep(0.22, 5))","c(1, 1, 1, 1.5, 1.5)",NA,"c(0.4, 0.4, 0.1, 0.1)","matrix(c(0, 1, 0, 0, 0, 0, 1, 0, 0, 0, 0, 1, 0, 0, 0, 0), byrow = T, nrow = 4)",Dunnett,1,NA,NA,NA,NA,NA,NA,NA,NA,NA,NA,25000,NA,Random,NULL,FALSE,TRUE
66,Scenario4: https://cytel1.atlassian.net/wiki/spaces/CIC/pages/4235821079/AdaptGMCP+-+Testing+for+Binary+Endpoint#Scenarios-to-Test,CombPValue,500,0.025,NA,NA,UnPooled,CombinationTest,5,1,"list(EP1 = ""Binary"")",NA,NA,"list(EP1 = c(0.1, 0.22, 0.22, 0.22, 0.22))","c(1, 1, 1, 1, 1)",NA,"rep(1/4, 4)","matrix(rep(0, 16), byrow = T, nrow = 4)",Bonf,1,NA,NA,NA,NA,NA,NA,NA,NA,NA,NA,25000,NA,Random,NULL,FALSE,TRUE
67,Scenario4: https://cytel1.atlassian.net/wiki/spaces/CIC/pages/4235821079/AdaptGMCP+-+Testing+for+Binary+Endpoint#Scenarios-to-Test,CombPValue,500,0.025,NA,NA,UnPooled,CombinationTest,5,1,"list(EP1 = ""Binary"")",NA,NA,"list(EP1 = c(0.1, 0.22, 0.22, 0.22, 0.22))","c(1, 1, 1, 1, 1)",NA,"rep(1/4, 4)","matrix(rep(0, 16), byrow = T, nrow = 4)",Sidak,1,NA,NA,NA,NA,NA,NA,NA,NA,NA,NA,25000,NA,Random,NULL,FALSE,TRUE
68,Scenario4: https://cytel1.atlassian.net/wiki/spaces/CIC/pages/4235821079/AdaptGMCP+-+Testing+for+Binary+Endpoint#Scenarios-to-Test,CombPValue,500,0.025,NA,NA,UnPooled,CombinationTest,5,1,"list(EP1 = ""Binary"")",NA,NA,"list(EP1 = c(0.1, 0.22, 0.22, 0.22, 0.22))","c(1, 1, 1, 1, 1)",NA,"rep(1/4, 4)","matrix(rep(0, 16), byrow = T, nrow = 4)",Simes,1,NA,NA,NA,NA,NA,NA,NA,NA,NA,NA,25000,NA,Random,NULL,FALSE,TRUE
69,Scenario4: https://cytel1.atlassian.net/wiki/spaces/CIC/pages/4235821079/AdaptGMCP+-+Testing+for+Binary+Endpoint#Scenarios-to-Test,CombPValue,500,0.025,NA,NA,UnPooled,CombinationTest,5,1,"list(EP1 = ""Binary"")",NA,NA,"list(EP1 = c(0.1, 0.22, 0.22, 0.22, 0.22))","c(1, 1, 1, 1, 1)",NA,"rep(1/4, 4)","matrix(rep(0, 16), byrow = T, nrow = 4)",Dunnett,1,NA,NA,NA,NA,NA,NA,NA,NA,NA,NA,25000,NA,Random,NULL,FALSE,TRUE
70,Scenario4: https://cytel1.atlassian.net/wiki/spaces/CIC/pages/4235821079/AdaptGMCP+-+Testing+for+Binary+Endpoint#Scenarios-to-Test,CombPValue,500,0.025,NA,NA,UnPooled,CombinationTest,5,1,"list(EP1 = ""Binary"")",NA,NA,"list(EP1 = c(0.1, 0.22, 0.22, 0.22, 0.22))","c(1, 1, 1, 1, 1)",NA,"rep(1/4, 4)","matrix(c(0, 1/3, 1/3, 1/3, 1/3, 0, 1/3, 1/3, 1/3, 1/3, 0, 1/3, 1/3, 1/3, 1/3, 0), byrow = T, nrow = 4)",Bonf,1,NA,NA,NA,NA,NA,NA,NA,NA,NA,NA,25000,NA,Random,NULL,FALSE,TRUE
71,Scenario4: https://cytel1.atlassian.net/wiki/spaces/CIC/pages/4235821079/AdaptGMCP+-+Testing+for+Binary+Endpoint#Scenarios-to-Test,CombPValue,500,0.025,NA,NA,UnPooled,CombinationTest,5,1,"list(EP1 = ""Binary"")",NA,NA,"list(EP1 = c(0.1, 0.22, 0.22, 0.22, 0.22))","c(1, 1, 1, 1, 1)",NA,"rep(1/4, 4)","matrix(c(0, 1/3, 1/3, 1/3, 1/3, 0, 1/3, 1/3, 1/3, 1/3, 0, 1/3, 1/3, 1/3, 1/3, 0), byrow = T, nrow = 4)",Sidak,1,NA,NA,NA,NA,NA,NA,NA,NA,NA,NA,25000,NA,Random,NULL,FALSE,TRUE
72,Scenario4: https://cytel1.atlassian.net/wiki/spaces/CIC/pages/4235821079/AdaptGMCP+-+Testing+for+Binary+Endpoint#Scenarios-to-Test,CombPValue,500,0.025,NA,NA,UnPooled,CombinationTest,5,1,"list(EP1 = ""Binary"")",NA,NA,"list(EP1 = c(0.1, 0.22, 0.22, 0.22, 0.22))","c(1, 1, 1, 1, 1)",NA,"rep(1/4, 4)","matrix(c(0, 1/3, 1/3, 1/3, 1/3, 0, 1/3, 1/3, 1/3, 1/3, 0, 1/3, 1/3, 1/3, 1/3, 0), byrow = T, nrow = 4)",Simes,1,NA,NA,NA,NA,NA,NA,NA,NA,NA,NA,25000,NA,Random,NULL,FALSE,TRUE
73,Scenario4: https://cytel1.atlassian.net/wiki/spaces/CIC/pages/4235821079/AdaptGMCP+-+Testing+for+Binary+Endpoint#Scenarios-to-Test,CombPValue,500,0.025,NA,NA,UnPooled,CombinationTest,5,1,"list(EP1 = ""Binary"")",NA,NA,"list(EP1 = c(0.1, 0.22, 0.22, 0.22, 0.22))","c(1, 1, 1, 1, 1)",NA,"rep(1/4, 4)","matrix(c(0, 1/3, 1/3, 1/3, 1/3, 0, 1/3, 1/3, 1/3, 1/3, 0, 1/3, 1/3, 1/3, 1/3, 0), byrow = T, nrow = 4)",Dunnett,1,NA,NA,NA,NA,NA,NA,NA,NA,NA,NA,25000,NA,Random,NULL,FALSE,TRUE
74,Scenario4: https://cytel1.atlassian.net/wiki/spaces/CIC/pages/4235821079/AdaptGMCP+-+Testing+for+Binary+Endpoint#Scenarios-to-Test,CombPValue,500,0.025,NA,NA,UnPooled,CombinationTest,5,1,"list(EP1 = ""Binary"")",NA,NA,"list(EP1 = c(0.1, 0.22, 0.22, 0.22, 0.22))","c(1, 1, 1, 1, 1)",NA,"c(0.4, 0.3, 0.2, 0.1)","matrix(c(0, 1/3, 1/3, 1/3, 1/3, 0, 1/3, 1/3, 1/3, 1/3, 0, 1/3, 1/3, 1/3, 1/3, 0), byrow = T, nrow = 4)",Bonf,1,NA,NA,NA,NA,NA,NA,NA,NA,NA,NA,25000,NA,Random,NULL,FALSE,TRUE
75,Scenario4: https://cytel1.atlassian.net/wiki/spaces/CIC/pages/4235821079/AdaptGMCP+-+Testing+for+Binary+Endpoint#Scenarios-to-Test,CombPValue,500,0.025,NA,NA,UnPooled,CombinationTest,5,1,"list(EP1 = ""Binary"")",NA,NA,"list(EP1 = c(0.1, 0.22, 0.22, 0.22, 0.22))","c(1, 1, 1, 1, 1)",NA,"c(0.4, 0.3, 0.2, 0.1)","matrix(c(0, 1/3, 1/3, 1/3, 1/3, 0, 1/3, 1/3, 1/3, 1/3, 0, 1/3, 1/3, 1/3, 1/3, 0), byrow = T, nrow = 4)",Sidak,1,NA,NA,NA,NA,NA,NA,NA,NA,NA,NA,25000,NA,Random,NULL,FALSE,TRUE
76,Scenario4: https://cytel1.atlassian.net/wiki/spaces/CIC/pages/4235821079/AdaptGMCP+-+Testing+for+Binary+Endpoint#Scenarios-to-Test,CombPValue,500,0.025,NA,NA,UnPooled,CombinationTest,5,1,"list(EP1 = ""Binary"")",NA,NA,"list(EP1 = c(0.1, 0.22, 0.22, 0.22, 0.22))","c(1, 1, 1, 1, 1)",NA,"c(0.4, 0.3, 0.2, 0.1)","matrix(c(0, 1/3, 1/3, 1/3, 1/3, 0, 1/3, 1/3, 1/3, 1/3, 0, 1/3, 1/3, 1/3, 1/3, 0), byrow = T, nrow = 4)",Simes,1,NA,NA,NA,NA,NA,NA,NA,NA,NA,NA,25000,NA,Random,NULL,FALSE,TRUE
77,Scenario4: https://cytel1.atlassian.net/wiki/spaces/CIC/pages/4235821079/AdaptGMCP+-+Testing+for+Binary+Endpoint#Scenarios-to-Test,CombPValue,500,0.025,NA,NA,UnPooled,CombinationTest,5,1,"list(EP1 = ""Binary"")",NA,NA,"list(EP1 = c(0.1, 0.22, 0.22, 0.22, 0.22))","c(1, 1, 1, 1, 1)",NA,"c(0.4, 0.3, 0.2, 0.1)","matrix(c(0, 1/3, 1/3, 1/3, 1/3, 0, 1/3, 1/3, 1/3, 1/3, 0, 1/3, 1/3, 1/3, 1/3, 0), byrow = T, nrow = 4)",Dunnett,1,NA,NA,NA,NA,NA,NA,NA,NA,NA,NA,25000,NA,Random,NULL,FALSE,TRUE
78,Scenario4: https://cytel1.atlassian.net/wiki/spaces/CIC/pages/4235821079/AdaptGMCP+-+Testing+for+Binary+Endpoint#Scenarios-to-Test,CombPValue,500,0.025,NA,NA,UnPooled,CombinationTest,5,1,"list(EP1 = ""Binary"")",NA,NA,"list(EP1 = c(0.1, 0.22, 0.22, 0.22, 0.22))","c(1, 1, 1, 1, 1)",NA,"c(1, 0, 0, 0)","matrix(c(0, 1, 0, 0, 0, 0, 1, 0, 0, 0, 0, 1, 0, 0, 0, 0), byrow = T, nrow = 4)",Bonf,1,NA,NA,NA,NA,NA,NA,NA,NA,NA,NA,25000,NA,Random,NULL,FALSE,TRUE
79,Scenario4: https://cytel1.atlassian.net/wiki/spaces/CIC/pages/4235821079/AdaptGMCP+-+Testing+for+Binary+Endpoint#Scenarios-to-Test,CombPValue,500,0.025,NA,NA,UnPooled,CombinationTest,5,1,"list(EP1 = ""Binary"")",NA,NA,"list(EP1 = c(0.1, 0.22, 0.22, 0.22, 0.22))","c(1, 1, 1, 1, 1)",NA,"c(1, 0, 0, 0)","matrix(c(0, 1, 0, 0, 0, 0, 1, 0, 0, 0, 0, 1, 0, 0, 0, 0), byrow = T, nrow = 4)",Sidak,1,NA,NA,NA,NA,NA,NA,NA,NA,NA,NA,25000,NA,Random,NULL,FALSE,TRUE
80,Scenario4: https://cytel1.atlassian.net/wiki/spaces/CIC/pages/4235821079/AdaptGMCP+-+Testing+for+Binary+Endpoint#Scenarios-to-Test,CombPValue,500,0.025,NA,NA,UnPooled,CombinationTest,5,1,"list(EP1 = ""Binary"")",NA,NA,"list(EP1 = c(0.1, 0.22, 0.22, 0.22, 0.22))","c(1, 1, 1, 1, 1)",NA,"c(1, 0, 0, 0)","matrix(c(0, 1, 0, 0, 0, 0, 1, 0, 0, 0, 0, 1, 0, 0, 0, 0), byrow = T, nrow = 4)",Simes,1,NA,NA,NA,NA,NA,NA,NA,NA,NA,NA,25000,NA,Random,NULL,FALSE,TRUE
81,Scenario4: https://cytel1.atlassian.net/wiki/spaces/CIC/pages/4235821079/AdaptGMCP+-+Testing+for+Binary+Endpoint#Scenarios-to-Test,CombPValue,500,0.025,NA,NA,UnPooled,CombinationTest,5,1,"list(EP1 = ""Binary"")",NA,NA,"list(EP1 = c(0.1, 0.22, 0.22, 0.22, 0.22))","c(1, 1, 1, 1, 1)",NA,"c(1, 0, 0, 0)","matrix(c(0, 1, 0, 0, 0, 0, 1, 0, 0, 0, 0, 1, 0, 0, 0, 0), byrow = T, nrow = 4)",Dunnett,1,NA,NA,NA,NA,NA,NA,NA,NA,NA,NA,25000,NA,Random,NULL,FALSE,TRUE
82,Scenario4: https://cytel1.atlassian.net/wiki/spaces/CIC/pages/4235821079/AdaptGMCP+-+Testing+for+Binary+Endpoint#Scenarios-to-Test,CombPValue,500,0.025,NA,NA,UnPooled,CombinationTest,5,1,"list(EP1 = ""Binary"")",NA,NA,"list(EP1 = c(0.1, 0.22, 0.22, 0.22, 0.22))","c(1, 1, 1, 1, 1)",NA,"c(0.4, 0.4, 0.1, 0.1)","matrix(c(0, 1, 0, 0, 0, 0, 1, 0, 0, 0, 0, 1, 0, 0, 0, 0), byrow = T, nrow = 4)",Bonf,1,NA,NA,NA,NA,NA,NA,NA,NA,NA,NA,25000,NA,Random,NULL,FALSE,TRUE
83,Scenario4: https://cytel1.atlassian.net/wiki/spaces/CIC/pages/4235821079/AdaptGMCP+-+Testing+for+Binary+Endpoint#Scenarios-to-Test,CombPValue,500,0.025,NA,NA,UnPooled,CombinationTest,5,1,"list(EP1 = ""Binary"")",NA,NA,"list(EP1 = c(0.1, 0.22, 0.22, 0.22, 0.22))","c(1, 1, 1, 1, 1)",NA,"c(0.4, 0.4, 0.1, 0.1)","matrix(c(0, 1, 0, 0, 0, 0, 1, 0, 0, 0, 0, 1, 0, 0, 0, 0), byrow = T, nrow = 4)",Sidak,1,NA,NA,NA,NA,NA,NA,NA,NA,NA,NA,25000,NA,Random,NULL,FALSE,TRUE
84,Scenario4: https://cytel1.atlassian.net/wiki/spaces/CIC/pages/4235821079/AdaptGMCP+-+Testing+for+Binary+Endpoint#Scenarios-to-Test,CombPValue,500,0.025,NA,NA,UnPooled,CombinationTest,5,1,"list(EP1 = ""Binary"")",NA,NA,"list(EP1 = c(0.1, 0.22, 0.22, 0.22, 0.22))","c(1, 1, 1, 1, 1)",NA,"c(0.4, 0.4, 0.1, 0.1)","matrix(c(0, 1, 0, 0, 0, 0, 1, 0, 0, 0, 0, 1, 0, 0, 0, 0), byrow = T, nrow = 4)",Simes,1,NA,NA,NA,NA,NA,NA,NA,NA,NA,NA,25000,NA,Random,NULL,FALSE,TRUE
85,Scenario4: https://cytel1.atlassian.net/wiki/spaces/CIC/pages/4235821079/AdaptGMCP+-+Testing+for+Binary+Endpoint#Scenarios-to-Test,CombPValue,500,0.025,NA,NA,UnPooled,CombinationTest,5,1,"list(EP1 = ""Binary"")",NA,NA,"list(EP1 = c(0.1, 0.22, 0.22, 0.22, 0.22))","c(1, 1, 1, 1, 1)",NA,"c(0.4, 0.4, 0.1, 0.1)","matrix(c(0, 1, 0, 0, 0, 0, 1, 0, 0, 0, 0, 1, 0, 0, 0, 0), byrow = T, nrow = 4)",Dunnett,1,NA,NA,NA,NA,NA,NA,NA,NA,NA,NA,25000,NA,Random,NULL,FALSE,TRUE
86,Scenario4: https://cytel1.atlassian.net/wiki/spaces/CIC/pages/4235821079/AdaptGMCP+-+Testing+for+Binary+Endpoint#Scenarios-to-Test,CombPValue,500,0.025,NA,NA,Pooled,CombinationTest,5,1,"list(EP1 = ""Binary"")",NA,NA,"list(EP1 = c(0.1, 0.22, 0.22, 0.22, 0.22))","c(1, 1, 1, 1, 1)",NA,"rep(1/4, 4)","matrix(rep(0, 16), byrow = T, nrow = 4)",Simes,1,NA,NA,NA,NA,NA,NA,NA,NA,NA,NA,25000,NA,Random,NULL,FALSE,TRUE
87,Scenario4: https://cytel1.atlassian.net/wiki/spaces/CIC/pages/4235821079/AdaptGMCP+-+Testing+for+Binary+Endpoint#Scenarios-to-Test,CombPValue,500,0.025,NA,NA,Pooled,CombinationTest,5,1,"list(EP1 = ""Binary"")",NA,NA,"list(EP1 = c(0.1, 0.22, 0.22, 0.22, 0.22))","c(1, 1, 1, 1, 1)",NA,"c(0.4, 0.3, 0.2, 0.1)","matrix(c(0, 1/3, 1/3, 1/3, 1/3, 0, 1/3, 1/3, 1/3, 1/3, 0, 1/3, 1/3, 1/3, 1/3, 0), byrow = T, nrow = 4)",Bonf,1,NA,NA,NA,NA,NA,NA,NA,NA,NA,NA,25000,NA,Random,NULL,FALSE,TRUE
88,Scenario4: https://cytel1.atlassian.net/wiki/spaces/CIC/pages/4235821079/AdaptGMCP+-+Testing+for+Binary+Endpoint#Scenarios-to-Test,CombPValue,500,0.025,NA,NA,Pooled,CombinationTest,5,1,"list(EP1 = ""Binary"")",NA,NA,"list(EP1 = c(0.1, 0.22, 0.22, 0.22, 0.22))","c(1, 1, 1, 1, 1)",NA,"c(0.4, 0.3, 0.2, 0.1)","matrix(c(0, 1/3, 1/3, 1/3, 1/3, 0, 1/3, 1/3, 1/3, 1/3, 0, 1/3, 1/3, 1/3, 1/3, 0), byrow = T, nrow = 4)",Simes,1,NA,NA,NA,NA,NA,NA,NA,NA,NA,NA,25000,NA,Random,NULL,FALSE,TRUE
89,Scenario5: https://cytel1.atlassian.net/wiki/spaces/CIC/pages/4235821079/AdaptGMCP+-+Testing+for+Binary+Endpoint#Scenarios-to-Test,CombPValue,600,0.025,NA,NA,UnPooled,CombinationTest,5,1,"list(EP1 = ""Binary"")",NA,NA,"list(EP1 = c(0.1, 0.22, 0.22, 0.22, 0.22))","c(1, 1, 1, 1.5, 1.5)",NA,"rep(1/4, 4)","matrix(rep(0, 16), byrow = T, nrow = 4)",Bonf,1,NA,NA,NA,NA,NA,NA,NA,NA,NA,NA,25000,NA,Random,NULL,FALSE,TRUE
90,Scenario5: https://cytel1.atlassian.net/wiki/spaces/CIC/pages/4235821079/AdaptGMCP+-+Testing+for+Binary+Endpoint#Scenarios-to-Test,CombPValue,600,0.025,NA,NA,UnPooled,CombinationTest,5,1,"list(EP1 = ""Binary"")",NA,NA,"list(EP1 = c(0.1, 0.22, 0.22, 0.22, 0.22))","c(1, 1, 1, 1.5, 1.5)",NA,"rep(1/4, 4)","matrix(rep(0, 16), byrow = T, nrow = 4)",Sidak,1,NA,NA,NA,NA,NA,NA,NA,NA,NA,NA,25000,NA,Random,NULL,FALSE,TRUE
91,Scenario5: https://cytel1.atlassian.net/wiki/spaces/CIC/pages/4235821079/AdaptGMCP+-+Testing+for+Binary+Endpoint#Scenarios-to-Test,CombPValue,600,0.025,NA,NA,UnPooled,CombinationTest,5,1,"list(EP1 = ""Binary"")",NA,NA,"list(EP1 = c(0.1, 0.22, 0.22, 0.22, 0.22))","c(1, 1, 1, 1.5, 1.5)",NA,"rep(1/4, 4)","matrix(rep(0, 16), byrow = T, nrow = 4)",Simes,1,NA,NA,NA,NA,NA,NA,NA,NA,NA,NA,25000,NA,Random,NULL,FALSE,TRUE
92,Scenario5: https://cytel1.atlassian.net/wiki/spaces/CIC/pages/4235821079/AdaptGMCP+-+Testing+for+Binary+Endpoint#Scenarios-to-Test,CombPValue,600,0.025,NA,NA,UnPooled,CombinationTest,5,1,"list(EP1 = ""Binary"")",NA,NA,"list(EP1 = c(0.1, 0.22, 0.22, 0.22, 0.22))","c(1, 1, 1, 1.5, 1.5)",NA,"rep(1/4, 4)","matrix(rep(0, 16), byrow = T, nrow = 4)",Dunnett,1,NA,NA,NA,NA,NA,NA,NA,NA,NA,NA,25000,NA,Random,NULL,FALSE,TRUE
93,Scenario5: https://cytel1.atlassian.net/wiki/spaces/CIC/pages/4235821079/AdaptGMCP+-+Testing+for+Binary+Endpoint#Scenarios-to-Test,CombPValue,600,0.025,NA,NA,UnPooled,CombinationTest,5,1,"list(EP1 = ""Binary"")",NA,NA,"list(EP1 = c(0.1, 0.22, 0.22, 0.22, 0.22))","c(1, 1, 1, 1.5, 1.5)",NA,"rep(1/4, 4)","matrix(c(0, 1/3, 1/3, 1/3, 1/3, 0, 1/3, 1/3, 1/3, 1/3, 0, 1/3, 1/3, 1/3, 1/3, 0), byrow = T, nrow = 4)",Bonf,1,NA,NA,NA,NA,NA,NA,NA,NA,NA,NA,25000,NA,Random,NULL,FALSE,TRUE
94,Scenario5: https://cytel1.atlassian.net/wiki/spaces/CIC/pages/4235821079/AdaptGMCP+-+Testing+for+Binary+Endpoint#Scenarios-to-Test,CombPValue,600,0.025,NA,NA,UnPooled,CombinationTest,5,1,"list(EP1 = ""Binary"")",NA,NA,"list(EP1 = c(0.1, 0.22, 0.22, 0.22, 0.22))","c(1, 1, 1, 1.5, 1.5)",NA,"rep(1/4, 4)","matrix(c(0, 1/3, 1/3, 1/3, 1/3, 0, 1/3, 1/3, 1/3, 1/3, 0, 1/3, 1/3, 1/3, 1/3, 0), byrow = T, nrow = 4)",Sidak,1,NA,NA,NA,NA,NA,NA,NA,NA,NA,NA,25000,NA,Random,NULL,FALSE,TRUE
95,Scenario5: https://cytel1.atlassian.net/wiki/spaces/CIC/pages/4235821079/AdaptGMCP+-+Testing+for+Binary+Endpoint#Scenarios-to-Test,CombPValue,600,0.025,NA,NA,UnPooled,CombinationTest,5,1,"list(EP1 = ""Binary"")",NA,NA,"list(EP1 = c(0.1, 0.22, 0.22, 0.22, 0.22))","c(1, 1, 1, 1.5, 1.5)",NA,"rep(1/4, 4)","matrix(c(0, 1/3, 1/3, 1/3, 1/3, 0, 1/3, 1/3, 1/3, 1/3, 0, 1/3, 1/3, 1/3, 1/3, 0), byrow = T, nrow = 4)",Simes,1,NA,NA,NA,NA,NA,NA,NA,NA,NA,NA,25000,NA,Random,NULL,FALSE,TRUE
96,Scenario5: https://cytel1.atlassian.net/wiki/spaces/CIC/pages/4235821079/AdaptGMCP+-+Testing+for+Binary+Endpoint#Scenarios-to-Test,CombPValue,600,0.025,NA,NA,UnPooled,CombinationTest,5,1,"list(EP1 = ""Binary"")",NA,NA,"list(EP1 = c(0.1, 0.22, 0.22, 0.22, 0.22))","c(1, 1, 1, 1.5, 1.5)",NA,"rep(1/4, 4)","matrix(c(0, 1/3, 1/3, 1/3, 1/3, 0, 1/3, 1/3, 1/3, 1/3, 0, 1/3, 1/3, 1/3, 1/3, 0), byrow = T, nrow = 4)",Dunnett,1,NA,NA,NA,NA,NA,NA,NA,NA,NA,NA,25000,NA,Random,NULL,FALSE,TRUE
97,Scenario5: https://cytel1.atlassian.net/wiki/spaces/CIC/pages/4235821079/AdaptGMCP+-+Testing+for+Binary+Endpoint#Scenarios-to-Test,CombPValue,600,0.025,NA,NA,UnPooled,CombinationTest,5,1,"list(EP1 = ""Binary"")",NA,NA,"list(EP1 = c(0.1, 0.22, 0.22, 0.22, 0.22))","c(1, 1, 1, 1.5, 1.5)",NA,"c(0.4, 0.3, 0.2, 0.1)","matrix(c(0, 1/3, 1/3, 1/3, 1/3, 0, 1/3, 1/3, 1/3, 1/3, 0, 1/3, 1/3, 1/3, 1/3, 0), byrow = T, nrow = 4)",Bonf,1,NA,NA,NA,NA,NA,NA,NA,NA,NA,NA,25000,NA,Random,NULL,FALSE,TRUE
98,Scenario5: https://cytel1.atlassian.net/wiki/spaces/CIC/pages/4235821079/AdaptGMCP+-+Testing+for+Binary+Endpoint#Scenarios-to-Test,CombPValue,600,0.025,NA,NA,UnPooled,CombinationTest,5,1,"list(EP1 = ""Binary"")",NA,NA,"list(EP1 = c(0.1, 0.22, 0.22, 0.22, 0.22))","c(1, 1, 1, 1.5, 1.5)",NA,"c(0.4, 0.3, 0.2, 0.1)","matrix(c(0, 1/3, 1/3, 1/3, 1/3, 0, 1/3, 1/3, 1/3, 1/3, 0, 1/3, 1/3, 1/3, 1/3, 0), byrow = T, nrow = 4)",Sidak,1,NA,NA,NA,NA,NA,NA,NA,NA,NA,NA,25000,NA,Random,NULL,FALSE,TRUE
99,Scenario5: https://cytel1.atlassian.net/wiki/spaces/CIC/pages/4235821079/AdaptGMCP+-+Testing+for+Binary+Endpoint#Scenarios-to-Test,CombPValue,600,0.025,NA,NA,UnPooled,CombinationTest,5,1,"list(EP1 = ""Binary"")",NA,NA,"list(EP1 = c(0.1, 0.22, 0.22, 0.22, 0.22))","c(1, 1, 1, 1.5, 1.5)",NA,"c(0.4, 0.3, 0.2, 0.1)","matrix(c(0, 1/3, 1/3, 1/3, 1/3, 0, 1/3, 1/3, 1/3, 1/3, 0, 1/3, 1/3, 1/3, 1/3, 0), byrow = T, nrow = 4)",Simes,1,NA,NA,NA,NA,NA,NA,NA,NA,NA,NA,25000,NA,Random,NULL,FALSE,TRUE
100,Scenario5: https://cytel1.atlassian.net/wiki/spaces/CIC/pages/4235821079/AdaptGMCP+-+Testing+for+Binary+Endpoint#Scenarios-to-Test,CombPValue,600,0.025,NA,NA,UnPooled,CombinationTest,5,1,"list(EP1 = ""Binary"")",NA,NA,"list(EP1 = c(0.1, 0.22, 0.22, 0.22, 0.22))","c(1, 1, 1, 1.5, 1.5)",NA,"c(0.4, 0.3, 0.2, 0.1)","matrix(c(0, 1/3, 1/3, 1/3, 1/3, 0, 1/3, 1/3, 1/3, 1/3, 0, 1/3, 1/3, 1/3, 1/3, 0), byrow = T, nrow = 4)",Dunnett,1,NA,NA,NA,NA,NA,NA,NA,NA,NA,NA,25000,NA,Random,NULL,FALSE,TRUE
101,Scenario5: https://cytel1.atlassian.net/wiki/spaces/CIC/pages/4235821079/AdaptGMCP+-+Testing+for+Binary+Endpoint#Scenarios-to-Test,CombPValue,600,0.025,NA,NA,UnPooled,CombinationTest,5,1,"list(EP1 = ""Binary"")",NA,NA,"list(EP1 = c(0.1, 0.22, 0.22, 0.22, 0.22))","c(1, 1, 1, 1.5, 1.5)",NA,"c(1, 0, 0, 0)","matrix(c(0, 1, 0, 0, 0, 0, 1, 0, 0, 0, 0, 1, 0, 0, 0, 0), byrow = T, nrow = 4)",Bonf,1,NA,NA,NA,NA,NA,NA,NA,NA,NA,NA,25000,NA,Random,NULL,FALSE,TRUE
102,Scenario5: https://cytel1.atlassian.net/wiki/spaces/CIC/pages/4235821079/AdaptGMCP+-+Testing+for+Binary+Endpoint#Scenarios-to-Test,CombPValue,600,0.025,NA,NA,UnPooled,CombinationTest,5,1,"list(EP1 = ""Binary"")",NA,NA,"list(EP1 = c(0.1, 0.22, 0.22, 0.22, 0.22))","c(1, 1, 1, 1.5, 1.5)",NA,"c(1, 0, 0, 0)","matrix(c(0, 1, 0, 0, 0, 0, 1, 0, 0, 0, 0, 1, 0, 0, 0, 0), byrow = T, nrow = 4)",Sidak,1,NA,NA,NA,NA,NA,NA,NA,NA,NA,NA,25000,NA,Random,NULL,FALSE,TRUE
103,Scenario5: https://cytel1.atlassian.net/wiki/spaces/CIC/pages/4235821079/AdaptGMCP+-+Testing+for+Binary+Endpoint#Scenarios-to-Test,CombPValue,600,0.025,NA,NA,UnPooled,CombinationTest,5,1,"list(EP1 = ""Binary"")",NA,NA,"list(EP1 = c(0.1, 0.22, 0.22, 0.22, 0.22))","c(1, 1, 1, 1.5, 1.5)",NA,"c(1, 0, 0, 0)","matrix(c(0, 1, 0, 0, 0, 0, 1, 0, 0, 0, 0, 1, 0, 0, 0, 0), byrow = T, nrow = 4)",Simes,1,NA,NA,NA,NA,NA,NA,NA,NA,NA,NA,25000,NA,Random,NULL,FALSE,TRUE
104,Scenario5: https://cytel1.atlassian.net/wiki/spaces/CIC/pages/4235821079/AdaptGMCP+-+Testing+for+Binary+Endpoint#Scenarios-to-Test,CombPValue,600,0.025,NA,NA,UnPooled,CombinationTest,5,1,"list(EP1 = ""Binary"")",NA,NA,"list(EP1 = c(0.1, 0.22, 0.22, 0.22, 0.22))","c(1, 1, 1, 1.5, 1.5)",NA,"c(1, 0, 0, 0)","matrix(c(0, 1, 0, 0, 0, 0, 1, 0, 0, 0, 0, 1, 0, 0, 0, 0), byrow = T, nrow = 4)",Dunnett,1,NA,NA,NA,NA,NA,NA,NA,NA,NA,NA,25000,NA,Random,NULL,FALSE,TRUE
105,Scenario5: https://cytel1.atlassian.net/wiki/spaces/CIC/pages/4235821079/AdaptGMCP+-+Testing+for+Binary+Endpoint#Scenarios-to-Test,CombPValue,600,0.025,NA,NA,UnPooled,CombinationTest,5,1,"list(EP1 = ""Binary"")",NA,NA,"list(EP1 = c(0.1, 0.22, 0.22, 0.22, 0.22))","c(1, 1, 1, 1.5, 1.5)",NA,"c(0.4, 0.4, 0.1, 0.1)","matrix(c(0, 1, 0, 0, 0, 0, 1, 0, 0, 0, 0, 1, 0, 0, 0, 0), byrow = T, nrow = 4)",Bonf,1,NA,NA,NA,NA,NA,NA,NA,NA,NA,NA,25000,NA,Random,NULL,FALSE,TRUE
106,Scenario5: https://cytel1.atlassian.net/wiki/spaces/CIC/pages/4235821079/AdaptGMCP+-+Testing+for+Binary+Endpoint#Scenarios-to-Test,CombPValue,600,0.025,NA,NA,UnPooled,CombinationTest,5,1,"list(EP1 = ""Binary"")",NA,NA,"list(EP1 = c(0.1, 0.22, 0.22, 0.22, 0.22))","c(1, 1, 1, 1.5, 1.5)",NA,"c(0.4, 0.4, 0.1, 0.1)","matrix(c(0, 1, 0, 0, 0, 0, 1, 0, 0, 0, 0, 1, 0, 0, 0, 0), byrow = T, nrow = 4)",Sidak,1,NA,NA,NA,NA,NA,NA,NA,NA,NA,NA,25000,NA,Random,NULL,FALSE,TRUE
107,Scenario5: https://cytel1.atlassian.net/wiki/spaces/CIC/pages/4235821079/AdaptGMCP+-+Testing+for+Binary+Endpoint#Scenarios-to-Test,CombPValue,600,0.025,NA,NA,UnPooled,CombinationTest,5,1,"list(EP1 = ""Binary"")",NA,NA,"list(EP1 = c(0.1, 0.22, 0.22, 0.22, 0.22))","c(1, 1, 1, 1.5, 1.5)",NA,"c(0.4, 0.4, 0.1, 0.1)","matrix(c(0, 1, 0, 0, 0, 0, 1, 0, 0, 0, 0, 1, 0, 0, 0, 0), byrow = T, nrow = 4)",Simes,1,NA,NA,NA,NA,NA,NA,NA,NA,NA,NA,25000,NA,Random,NULL,FALSE,TRUE
108,Scenario5: https://cytel1.atlassian.net/wiki/spaces/CIC/pages/4235821079/AdaptGMCP+-+Testing+for+Binary+Endpoint#Scenarios-to-Test,CombPValue,600,0.025,NA,NA,UnPooled,CombinationTest,5,1,"list(EP1 = ""Binary"")",NA,NA,"list(EP1 = c(0.1, 0.22, 0.22, 0.22, 0.22))","c(1, 1, 1, 1.5, 1.5)",NA,"c(0.4, 0.4, 0.1, 0.1)","matrix(c(0, 1, 0, 0, 0, 0, 1, 0, 0, 0, 0, 1, 0, 0, 0, 0), byrow = T, nrow = 4)",Dunnett,1,NA,NA,NA,NA,NA,NA,NA,NA,NA,NA,25000,NA,Random,NULL,FALSE,TRUE
109,Scenario5: https://cytel1.atlassian.net/wiki/spaces/CIC/pages/4235821079/AdaptGMCP+-+Testing+for+Binary+Endpoint#Scenarios-to-Test,CombPValue,600,0.025,NA,NA,Pooled,CombinationTest,5,1,"list(EP1 = ""Binary"")",NA,NA,"list(EP1 = c(0.1, 0.22, 0.22, 0.22, 0.22))","c(1, 1, 1, 1.5, 1.5)",NA,"rep(1/4, 4)","matrix(rep(0, 16), byrow = T, nrow = 4)",Dunnett,1,NA,NA,NA,NA,NA,NA,NA,NA,NA,NA,25000,NA,Random,NULL,FALSE,TRUE
110,Scenario6: https://cytel1.atlassian.net/wiki/spaces/CIC/pages/4235821079/AdaptGMCP+-+Testing+for+Binary+Endpoint#Scenarios-to-Test,CombPValue,450,0.025,NA,NA,UnPooled,CombinationTest,3,2,"list(EP1 = ""Binary"", EP2 = ""Binary"")",NA,NA,"list(EP1 = c(0.22, 0.22, 0.22), EP2 = c(0.22, 0.22, 0.22))","c(1, 1, 1)","matrix(c(1, 0.5, 0.5, 1), byrow = T, nrow = 2)","c(0.5, 0.5, 0, 0)","matrix(c(0, 1/2, 1/2, 0, 1/2, 0, 0, 1/2, 0, 1, 0, 0, 1, 0, 0, 0), byrow = T, nrow = 4)",Bonf,1,NA,NA,NA,NA,NA,NA,NA,NA,NA,NA,25000,NA,Random,NULL,FALSE,TRUE
111,Scenario6: https://cytel1.atlassian.net/wiki/spaces/CIC/pages/4235821079/AdaptGMCP+-+Testing+for+Binary+Endpoint#Scenarios-to-Test,CombPValue,450,0.025,NA,NA,UnPooled,CombinationTest,3,2,"list(EP1 = ""Binary"", EP2 = ""Binary"")",NA,NA,"list(EP1 = c(0.22, 0.22, 0.22), EP2 = c(0.22, 0.22, 0.22))","c(1, 1, 1)","matrix(c(1, 0.5, 0.5, 1), byrow = T, nrow = 2)","c(0.5, 0.5, 0, 0)","matrix(c(0, 1/2, 1/2, 0, 1/2, 0, 0, 1/2, 0, 1, 0, 0, 1, 0, 0, 0), byrow = T, nrow = 4)",Sidak,1,NA,NA,NA,NA,NA,NA,NA,NA,NA,NA,25000,NA,Random,NULL,FALSE,TRUE
112,Scenario6: https://cytel1.atlassian.net/wiki/spaces/CIC/pages/4235821079/AdaptGMCP+-+Testing+for+Binary+Endpoint#Scenarios-to-Test,CombPValue,450,0.025,NA,NA,UnPooled,CombinationTest,3,2,"list(EP1 = ""Binary"", EP2 = ""Binary"")",NA,NA,"list(EP1 = c(0.22, 0.22, 0.22), EP2 = c(0.22, 0.22, 0.22))","c(1, 1, 1)","matrix(c(1, 0.5, 0.5, 1), byrow = T, nrow = 2)","c(0.5, 0.5, 0, 0)","matrix(c(0, 1/2, 1/2, 0, 1/2, 0, 0, 1/2, 0, 1, 0, 0, 1, 0, 0, 0), byrow = T, nrow = 4)",Simes,1,NA,NA,NA,NA,NA,NA,NA,NA,NA,NA,25000,NA,Random,NULL,FALSE,TRUE
113,Scenario6: https://cytel1.atlassian.net/wiki/spaces/CIC/pages/4235821079/AdaptGMCP+-+Testing+for+Binary+Endpoint#Scenarios-to-Test,CombPValue,450,0.025,NA,NA,UnPooled,CombinationTest,3,2,"list(EP1 = ""Binary"", EP2 = ""Binary"")",NA,NA,"list(EP1 = c(0.22, 0.22, 0.22), EP2 = c(0.22, 0.22, 0.22))","c(1, 1, 1)","matrix(c(1, 0.5, 0.5, 1), byrow = T, nrow = 2)","c(0.5, 0.5, 0, 0)","matrix(c(0, 1/2, 1/2, 0, 1/2, 0, 0, 1/2, 0, 1, 0, 0, 1, 0, 0, 0), byrow = T, nrow = 4)",Dunnett,1,NA,NA,NA,NA,NA,NA,NA,NA,NA,NA,25000,NA,Random,NULL,FALSE,TRUE
115,Scenario6: https://cytel1.atlassian.net/wiki/spaces/CIC/pages/4235821079/AdaptGMCP+-+Testing+for+Binary+Endpoint#Scenarios-to-Test,CombPValue,450,0.025,NA,NA,UnPooled,CombinationTest,3,2,"list(EP1 = ""Binary"", EP2 = ""Binary"")",NA,NA,"list(EP1 = c(0.22, 0.22, 0.22), EP2 = c(0.22, 0.22, 0.22))","c(1, 1, 1)","matrix(c(1, 0.5, 0.5, 1), byrow = T, nrow = 2)","rep(1/4, 4)","matrix(c(0, 1/3, 1/3, 1/3, 1/3, 0, 1/3, 1/3, 1/3, 1/3, 0, 1/3, 1/3, 1/3, 1/3, 0), byrow = T, nrow = 4)",Bonf,1,NA,NA,NA,NA,NA,NA,NA,NA,NA,NA,25000,NA,Random,NULL,FALSE,TRUE
116,Scenario6: https://cytel1.atlassian.net/wiki/spaces/CIC/pages/4235821079/AdaptGMCP+-+Testing+for+Binary+Endpoint#Scenarios-to-Test,CombPValue,450,0.025,NA,NA,UnPooled,CombinationTest,3,2,"list(EP1 = ""Binary"", EP2 = ""Binary"")",NA,NA,"list(EP1 = c(0.22, 0.22, 0.22), EP2 = c(0.22, 0.22, 0.22))","c(1, 1, 1)","matrix(c(1, 0.5, 0.5, 1), byrow = T, nrow = 2)","rep(1/4, 4)","matrix(c(0, 1/3, 1/3, 1/3, 1/3, 0, 1/3, 1/3, 1/3, 1/3, 0, 1/3, 1/3, 1/3, 1/3, 0), byrow = T, nrow = 4)",Sidak,1,NA,NA,NA,NA,NA,NA,NA,NA,NA,NA,25000,NA,Random,NULL,FALSE,TRUE
117,Scenario6: https://cytel1.atlassian.net/wiki/spaces/CIC/pages/4235821079/AdaptGMCP+-+Testing+for+Binary+Endpoint#Scenarios-to-Test,CombPValue,450,0.025,NA,NA,UnPooled,CombinationTest,3,2,"list(EP1 = ""Binary"", EP2 = ""Binary"")",NA,NA,"list(EP1 = c(0.22, 0.22, 0.22), EP2 = c(0.22, 0.22, 0.22))","c(1, 1, 1)","matrix(c(1, 0.5, 0.5, 1), byrow = T, nrow = 2)","rep(1/4, 4)","matrix(c(0, 1/3, 1/3, 1/3, 1/3, 0, 1/3, 1/3, 1/3, 1/3, 0, 1/3, 1/3, 1/3, 1/3, 0), byrow = T, nrow = 4)",Simes,1,NA,NA,NA,NA,NA,NA,NA,NA,NA,NA,25000,NA,Random,NULL,FALSE,TRUE
118,Scenario6: https://cytel1.atlassian.net/wiki/spaces/CIC/pages/4235821079/AdaptGMCP+-+Testing+for+Binary+Endpoint#Scenarios-to-Test,CombPValue,450,0.025,NA,NA,UnPooled,CombinationTest,3,2,"list(EP1 = ""Binary"", EP2 = ""Binary"")",NA,NA,"list(EP1 = c(0.22, 0.22, 0.22), EP2 = c(0.22, 0.22, 0.22))","c(1, 1, 1)","matrix(c(1, 0.5, 0.5, 1), byrow = T, nrow = 2)","rep(1/4, 4)","matrix(c(0, 1/3, 1/3, 1/3, 1/3, 0, 1/3, 1/3, 1/3, 1/3, 0, 1/3, 1/3, 1/3, 1/3, 0), byrow = T, nrow = 4)",Dunnett,1,NA,NA,NA,NA,NA,NA,NA,NA,NA,NA,25000,NA,Random,NULL,FALSE,TRUE
120,Scenario6: https://cytel1.atlassian.net/wiki/spaces/CIC/pages/4235821079/AdaptGMCP+-+Testing+for+Binary+Endpoint#Scenarios-to-Test,CombPValue,450,0.025,NA,NA,UnPooled,CombinationTest,3,2,"list(EP1 = ""Binary"", EP2 = ""Binary"")",NA,NA,"list(EP1 = c(0.22, 0.22, 0.22), EP2 = c(0.22, 0.22, 0.22))","c(1, 1, 1)","matrix(c(1, 0.5, 0.5, 1), byrow = T, nrow = 2)","c(1, 0, 0, 0)","matrix(c(0, 1, 0, 0, 0, 0, 1, 0, 0, 0, 0, 1, 0, 0, 0, 0), byrow = T, nrow = 4)",Bonf,1,NA,NA,NA,NA,NA,NA,NA,NA,NA,NA,25000,NA,Random,NULL,FALSE,TRUE
121,Scenario6: https://cytel1.atlassian.net/wiki/spaces/CIC/pages/4235821079/AdaptGMCP+-+Testing+for+Binary+Endpoint#Scenarios-to-Test,CombPValue,450,0.025,NA,NA,UnPooled,CombinationTest,3,2,"list(EP1 = ""Binary"", EP2 = ""Binary"")",NA,NA,"list(EP1 = c(0.22, 0.22, 0.22), EP2 = c(0.22, 0.22, 0.22))","c(1, 1, 1)","matrix(c(1, 0.5, 0.5, 1), byrow = T, nrow = 2)","c(1, 0, 0, 0)","matrix(c(0, 1, 0, 0, 0, 0, 1, 0, 0, 0, 0, 1, 0, 0, 0, 0), byrow = T, nrow = 4)",Sidak,1,NA,NA,NA,NA,NA,NA,NA,NA,NA,NA,25000,NA,Random,NULL,FALSE,TRUE
122,Scenario6: https://cytel1.atlassian.net/wiki/spaces/CIC/pages/4235821079/AdaptGMCP+-+Testing+for+Binary+Endpoint#Scenarios-to-Test,CombPValue,450,0.025,NA,NA,UnPooled,CombinationTest,3,2,"list(EP1 = ""Binary"", EP2 = ""Binary"")",NA,NA,"list(EP1 = c(0.22, 0.22, 0.22), EP2 = c(0.22, 0.22, 0.22))","c(1, 1, 1)","matrix(c(1, 0.5, 0.5, 1), byrow = T, nrow = 2)","c(1, 0, 0, 0)","matrix(c(0, 1, 0, 0, 0, 0, 1, 0, 0, 0, 0, 1, 0, 0, 0, 0), byrow = T, nrow = 4)",Simes,1,NA,NA,NA,NA,NA,NA,NA,NA,NA,NA,25000,NA,Random,NULL,FALSE,TRUE
123,Scenario6: https://cytel1.atlassian.net/wiki/spaces/CIC/pages/4235821079/AdaptGMCP+-+Testing+for+Binary+Endpoint#Scenarios-to-Test,CombPValue,450,0.025,NA,NA,UnPooled,CombinationTest,3,2,"list(EP1 = ""Binary"", EP2 = ""Binary"")",NA,NA,"list(EP1 = c(0.22, 0.22, 0.22), EP2 = c(0.22, 0.22, 0.22))","c(1, 1, 1)","matrix(c(1, 0.5, 0.5, 1), byrow = T, nrow = 2)","c(1, 0, 0, 0)","matrix(c(0, 1, 0, 0, 0, 0, 1, 0, 0, 0, 0, 1, 0, 0, 0, 0), byrow = T, nrow = 4)",Dunnett,1,NA,NA,NA,NA,NA,NA,NA,NA,NA,NA,25000,NA,Random,NULL,FALSE,TRUE
125,Scenario6: https://cytel1.atlassian.net/wiki/spaces/CIC/pages/4235821079/AdaptGMCP+-+Testing+for+Binary+Endpoint#Scenarios-to-Test,CombPValue,450,0.025,NA,NA,UnPooled,CombinationTest,3,2,"list(EP1 = ""Binary"", EP2 = ""Binary"")",NA,NA,"list(EP1 = c(0.22, 0.22, 0.22), EP2 = c(0.22, 0.22, 0.22))","c(1, 1, 1)","matrix(c(1, 0.5, 0.5, 1), byrow = T, nrow = 2)","c(0.5, 0.5, 0, 0)","matrix(c(0, 1, 0, 0, 1-1e-4, 0, 0.8*1e-4, 0.2*1e-4, 0, 0, 0, 1, 0, 0, 1, 0), byrow = T, nrow = 4)",Bonf,1,NA,NA,NA,NA,NA,NA,NA,NA,NA,NA,25000,NA,Random,NULL,FALSE,TRUE
126,Scenario6: https://cytel1.atlassian.net/wiki/spaces/CIC/pages/4235821079/AdaptGMCP+-+Testing+for+Binary+Endpoint#Scenarios-to-Test,CombPValue,450,0.025,NA,NA,UnPooled,CombinationTest,3,2,"list(EP1 = ""Binary"", EP2 = ""Binary"")",NA,NA,"list(EP1 = c(0.22, 0.22, 0.22), EP2 = c(0.22, 0.22, 0.22))","c(1, 1, 1)","matrix(c(1, 0.5, 0.5, 1), byrow = T, nrow = 2)","c(0.5, 0.5, 0, 0)","matrix(c(0, 1, 0, 0, 1-1e-4, 0, 0.8*1e-4, 0.2*1e-4, 0, 0, 0, 1, 0, 0, 1, 0), byrow = T, nrow = 4)",Sidak,1,NA,NA,NA,NA,NA,NA,NA,NA,NA,NA,25000,NA,Random,NULL,FALSE,TRUE
127,Scenario6: https://cytel1.atlassian.net/wiki/spaces/CIC/pages/4235821079/AdaptGMCP+-+Testing+for+Binary+Endpoint#Scenarios-to-Test,CombPValue,450,0.025,NA,NA,UnPooled,CombinationTest,3,2,"list(EP1 = ""Binary"", EP2 = ""Binary"")",NA,NA,"list(EP1 = c(0.22, 0.22, 0.22), EP2 = c(0.22, 0.22, 0.22))","c(1, 1, 1)","matrix(c(1, 0.5, 0.5, 1), byrow = T, nrow = 2)","c(0.5, 0.5, 0, 0)","matrix(c(0, 1, 0, 0, 1-1e-4, 0, 0.8*1e-4, 0.2*1e-4, 0, 0, 0, 1, 0, 0, 1, 0), byrow = T, nrow = 4)",Simes,1,NA,NA,NA,NA,NA,NA,NA,NA,NA,NA,25000,NA,Random,NULL,FALSE,TRUE
128,Scenario6: https://cytel1.atlassian.net/wiki/spaces/CIC/pages/4235821079/AdaptGMCP+-+Testing+for+Binary+Endpoint#Scenarios-to-Test,CombPValue,450,0.025,NA,NA,UnPooled,CombinationTest,3,2,"list(EP1 = ""Binary"", EP2 = ""Binary"")",NA,NA,"list(EP1 = c(0.22, 0.22, 0.22), EP2 = c(0.22, 0.22, 0.22))","c(1, 1, 1)","matrix(c(1, 0.5, 0.5, 1), byrow = T, nrow = 2)","c(0.5, 0.5, 0, 0)","matrix(c(0, 1, 0, 0, 1-1e-4, 0, 0.8*1e-4, 0.2*1e-4, 0, 0, 0, 1, 0, 0, 1, 0), byrow = T, nrow = 4)",Dunnett,1,NA,NA,NA,NA,NA,NA,NA,NA,NA,NA,25000,NA,Random,NULL,FALSE,TRUE
130,Scenario6: https://cytel1.atlassian.net/wiki/spaces/CIC/pages/4235821079/AdaptGMCP+-+Testing+for+Binary+Endpoint#Scenarios-to-Test,CombPValue,450,0.025,NA,NA,Pooled,CombinationTest,3,2,"list(EP1 = ""Binary"", EP2 = ""Binary"")",NA,NA,"list(EP1 = c(0.22, 0.22, 0.22), EP2 = c(0.22, 0.22, 0.22))","c(1, 1, 1)","matrix(c(1, 0.5, 0.5, 1), byrow = T, nrow = 2)","rep(1/4, 4)","matrix(c(0, 1/3, 1/3, 1/3, 1/3, 0, 1/3, 1/3, 1/3, 1/3, 0, 1/3, 1/3, 1/3, 1/3, 0), byrow = T, nrow = 4)",Sidak,1,NA,NA,NA,NA,NA,NA,NA,NA,NA,NA,25000,NA,Random,NULL,FALSE,TRUE
131,Scenario6: https://cytel1.atlassian.net/wiki/spaces/CIC/pages/4235821079/AdaptGMCP+-+Testing+for+Binary+Endpoint#Scenarios-to-Test,CombPValue,450,0.025,NA,NA,Pooled,CombinationTest,3,2,"list(EP1 = ""Binary"", EP2 = ""Binary"")",NA,NA,"list(EP1 = c(0.22, 0.22, 0.22), EP2 = c(0.22, 0.22, 0.22))","c(1, 1, 1)","matrix(c(1, 0.5, 0.5, 1), byrow = T, nrow = 2)","c(1, 0, 0, 0)","matrix(c(0, 1, 0, 0, 0, 0, 1, 0, 0, 0, 0, 1, 0, 0, 0, 0), byrow = T, nrow = 4)",Bonf,1,NA,NA,NA,NA,NA,NA,NA,NA,NA,NA,25000,NA,Random,NULL,FALSE,TRUE
132,Scenario6: https://cytel1.atlassian.net/wiki/spaces/CIC/pages/4235821079/AdaptGMCP+-+Testing+for+Binary+Endpoint#Scenarios-to-Test,CombPValue,450,0.025,NA,NA,Pooled,CombinationTest,3,2,"list(EP1 = ""Binary"", EP2 = ""Binary"")",NA,NA,"list(EP1 = c(0.22, 0.22, 0.22), EP2 = c(0.22, 0.22, 0.22))","c(1, 1, 1)","matrix(c(1, 0.5, 0.5, 1), byrow = T, nrow = 2)","c(1, 0, 0, 0)","matrix(c(0, 1, 0, 0, 0, 0, 1, 0, 0, 0, 0, 1, 0, 0, 0, 0), byrow = T, nrow = 4)",Sidak,1,NA,NA,NA,NA,NA,NA,NA,NA,NA,NA,25000,NA,Random,NULL,FALSE,TRUE
133,Scenario7: https://cytel1.atlassian.net/wiki/spaces/CIC/pages/4235821079/AdaptGMCP+-+Testing+for+Binary+Endpoint#Scenarios-to-Test,CombPValue,450,0.025,NA,NA,UnPooled,CombinationTest,3,2,"list(EP1 = ""Binary"", EP2 = ""Binary"")",NA,NA,"list(EP1 = c(0.1, 0.22, 0.22), EP2 = c(0.1, 0.22, 0.1))","c(1, 1, 1)","matrix(c(1, 0.5, 0.5, 1), byrow = T, nrow = 2)","c(0.5, 0.5, 0, 0)","matrix(c(0, 1/2, 1/2, 0, 1/2, 0, 0, 1/2, 0, 1, 0, 0, 1, 0, 0, 0), byrow = T, nrow = 4)",Bonf,1,NA,NA,NA,NA,NA,NA,NA,NA,NA,NA,25000,NA,Random,NULL,FALSE,TRUE
134,Scenario7: https://cytel1.atlassian.net/wiki/spaces/CIC/pages/4235821079/AdaptGMCP+-+Testing+for+Binary+Endpoint#Scenarios-to-Test,CombPValue,450,0.025,NA,NA,UnPooled,CombinationTest,3,2,"list(EP1 = ""Binary"", EP2 = ""Binary"")",NA,NA,"list(EP1 = c(0.1, 0.22, 0.22), EP2 = c(0.1, 0.22, 0.1))","c(1, 1, 1)","matrix(c(1, 0.5, 0.5, 1), byrow = T, nrow = 2)","c(0.5, 0.5, 0, 0)","matrix(c(0, 1/2, 1/2, 0, 1/2, 0, 0, 1/2, 0, 1, 0, 0, 1, 0, 0, 0), byrow = T, nrow = 4)",Sidak,1,NA,NA,NA,NA,NA,NA,NA,NA,NA,NA,25000,NA,Random,NULL,FALSE,TRUE
135,Scenario7: https://cytel1.atlassian.net/wiki/spaces/CIC/pages/4235821079/AdaptGMCP+-+Testing+for+Binary+Endpoint#Scenarios-to-Test,CombPValue,450,0.025,NA,NA,UnPooled,CombinationTest,3,2,"list(EP1 = ""Binary"", EP2 = ""Binary"")",NA,NA,"list(EP1 = c(0.1, 0.22, 0.22), EP2 = c(0.1, 0.22, 0.1))","c(1, 1, 1)","matrix(c(1, 0.5, 0.5, 1), byrow = T, nrow = 2)","c(0.5, 0.5, 0, 0)","matrix(c(0, 1/2, 1/2, 0, 1/2, 0, 0, 1/2, 0, 1, 0, 0, 1, 0, 0, 0), byrow = T, nrow = 4)",Simes,1,NA,NA,NA,NA,NA,NA,NA,NA,NA,NA,25000,NA,Random,NULL,FALSE,TRUE
136,Scenario7: https://cytel1.atlassian.net/wiki/spaces/CIC/pages/4235821079/AdaptGMCP+-+Testing+for+Binary+Endpoint#Scenarios-to-Test,CombPValue,450,0.025,NA,NA,UnPooled,CombinationTest,3,2,"list(EP1 = ""Binary"", EP2 = ""Binary"")",NA,NA,"list(EP1 = c(0.1, 0.22, 0.22), EP2 = c(0.1, 0.22, 0.1))","c(1, 1, 1)","matrix(c(1, 0.5, 0.5, 1), byrow = T, nrow = 2)","c(0.5, 0.5, 0, 0)","matrix(c(0, 1/2, 1/2, 0, 1/2, 0, 0, 1/2, 0, 1, 0, 0, 1, 0, 0, 0), byrow = T, nrow = 4)",Dunnett,1,NA,NA,NA,NA,NA,NA,NA,NA,NA,NA,25000,NA,Random,NULL,FALSE,TRUE
138,Scenario7: https://cytel1.atlassian.net/wiki/spaces/CIC/pages/4235821079/AdaptGMCP+-+Testing+for+Binary+Endpoint#Scenarios-to-Test,CombPValue,450,0.025,NA,NA,UnPooled,CombinationTest,3,2,"list(EP1 = ""Binary"", EP2 = ""Binary"")",NA,NA,"list(EP1 = c(0.1, 0.22, 0.22), EP2 = c(0.1, 0.22, 0.1))","c(1, 1, 1)","matrix(c(1, 0.5, 0.5, 1), byrow = T, nrow = 2)","rep(1/4, 4)","matrix(c(0, 1/3, 1/3, 1/3, 1/3, 0, 1/3, 1/3, 1/3, 1/3, 0, 1/3, 1/3, 1/3, 1/3, 0), byrow = T, nrow = 4)",Bonf,1,NA,NA,NA,NA,NA,NA,NA,NA,NA,NA,25000,NA,Random,NULL,FALSE,TRUE
139,Scenario7: https://cytel1.atlassian.net/wiki/spaces/CIC/pages/4235821079/AdaptGMCP+-+Testing+for+Binary+Endpoint#Scenarios-to-Test,CombPValue,450,0.025,NA,NA,UnPooled,CombinationTest,3,2,"list(EP1 = ""Binary"", EP2 = ""Binary"")",NA,NA,"list(EP1 = c(0.1, 0.22, 0.22), EP2 = c(0.1, 0.22, 0.1))","c(1, 1, 1)","matrix(c(1, 0.5, 0.5, 1), byrow = T, nrow = 2)","rep(1/4, 4)","matrix(c(0, 1/3, 1/3, 1/3, 1/3, 0, 1/3, 1/3, 1/3, 1/3, 0, 1/3, 1/3, 1/3, 1/3, 0), byrow = T, nrow = 4)",Sidak,1,NA,NA,NA,NA,NA,NA,NA,NA,NA,NA,25000,NA,Random,NULL,FALSE,TRUE
140,Scenario7: https://cytel1.atlassian.net/wiki/spaces/CIC/pages/4235821079/AdaptGMCP+-+Testing+for+Binary+Endpoint#Scenarios-to-Test,CombPValue,450,0.025,NA,NA,UnPooled,CombinationTest,3,2,"list(EP1 = ""Binary"", EP2 = ""Binary"")",NA,NA,"list(EP1 = c(0.1, 0.22, 0.22), EP2 = c(0.1, 0.22, 0.1))","c(1, 1, 1)","matrix(c(1, 0.5, 0.5, 1), byrow = T, nrow = 2)","rep(1/4, 4)","matrix(c(0, 1/3, 1/3, 1/3, 1/3, 0, 1/3, 1/3, 1/3, 1/3, 0, 1/3, 1/3, 1/3, 1/3, 0), byrow = T, nrow = 4)",Simes,1,NA,NA,NA,NA,NA,NA,NA,NA,NA,NA,25000,NA,Random,NULL,FALSE,TRUE
141,Scenario7: https://cytel1.atlassian.net/wiki/spaces/CIC/pages/4235821079/AdaptGMCP+-+Testing+for+Binary+Endpoint#Scenarios-to-Test,CombPValue,450,0.025,NA,NA,UnPooled,CombinationTest,3,2,"list(EP1 = ""Binary"", EP2 = ""Binary"")",NA,NA,"list(EP1 = c(0.1, 0.22, 0.22), EP2 = c(0.1, 0.22, 0.1))","c(1, 1, 1)","matrix(c(1, 0.5, 0.5, 1), byrow = T, nrow = 2)","rep(1/4, 4)","matrix(c(0, 1/3, 1/3, 1/3, 1/3, 0, 1/3, 1/3, 1/3, 1/3, 0, 1/3, 1/3, 1/3, 1/3, 0), byrow = T, nrow = 4)",Dunnett,1,NA,NA,NA,NA,NA,NA,NA,NA,NA,NA,25000,NA,Random,NULL,FALSE,TRUE
143,Scenario7: https://cytel1.atlassian.net/wiki/spaces/CIC/pages/4235821079/AdaptGMCP+-+Testing+for+Binary+Endpoint#Scenarios-to-Test,CombPValue,450,0.025,NA,NA,UnPooled,CombinationTest,3,2,"list(EP1 = ""Binary"", EP2 = ""Binary"")",NA,NA,"list(EP1 = c(0.1, 0.22, 0.22), EP2 = c(0.1, 0.22, 0.1))","c(1, 1, 1)","matrix(c(1, 0.5, 0.5, 1), byrow = T, nrow = 2)","c(1, 0, 0, 0)","matrix(c(0, 1, 0, 0, 0, 0, 1, 0, 0, 0, 0, 1, 0, 0, 0, 0), byrow = T, nrow = 4)",Bonf,1,NA,NA,NA,NA,NA,NA,NA,NA,NA,NA,25000,NA,Random,NULL,FALSE,TRUE
144,Scenario7: https://cytel1.atlassian.net/wiki/spaces/CIC/pages/4235821079/AdaptGMCP+-+Testing+for+Binary+Endpoint#Scenarios-to-Test,CombPValue,450,0.025,NA,NA,UnPooled,CombinationTest,3,2,"list(EP1 = ""Binary"", EP2 = ""Binary"")",NA,NA,"list(EP1 = c(0.1, 0.22, 0.22), EP2 = c(0.1, 0.22, 0.1))","c(1, 1, 1)","matrix(c(1, 0.5, 0.5, 1), byrow = T, nrow = 2)","c(1, 0, 0, 0)","matrix(c(0, 1, 0, 0, 0, 0, 1, 0, 0, 0, 0, 1, 0, 0, 0, 0), byrow = T, nrow = 4)",Sidak,1,NA,NA,NA,NA,NA,NA,NA,NA,NA,NA,25000,NA,Random,NULL,FALSE,TRUE
145,Scenario7: https://cytel1.atlassian.net/wiki/spaces/CIC/pages/4235821079/AdaptGMCP+-+Testing+for+Binary+Endpoint#Scenarios-to-Test,CombPValue,450,0.025,NA,NA,UnPooled,CombinationTest,3,2,"list(EP1 = ""Binary"", EP2 = ""Binary"")",NA,NA,"list(EP1 = c(0.1, 0.22, 0.22), EP2 = c(0.1, 0.22, 0.1))","c(1, 1, 1)","matrix(c(1, 0.5, 0.5, 1), byrow = T, nrow = 2)","c(1, 0, 0, 0)","matrix(c(0, 1, 0, 0, 0, 0, 1, 0, 0, 0, 0, 1, 0, 0, 0, 0), byrow = T, nrow = 4)",Simes,1,NA,NA,NA,NA,NA,NA,NA,NA,NA,NA,25000,NA,Random,NULL,FALSE,TRUE
146,Scenario7: https://cytel1.atlassian.net/wiki/spaces/CIC/pages/4235821079/AdaptGMCP+-+Testing+for+Binary+Endpoint#Scenarios-to-Test,CombPValue,450,0.025,NA,NA,UnPooled,CombinationTest,3,2,"list(EP1 = ""Binary"", EP2 = ""Binary"")",NA,NA,"list(EP1 = c(0.1, 0.22, 0.22), EP2 = c(0.1, 0.22, 0.1))","c(1, 1, 1)","matrix(c(1, 0.5, 0.5, 1), byrow = T, nrow = 2)","c(1, 0, 0, 0)","matrix(c(0, 1, 0, 0, 0, 0, 1, 0, 0, 0, 0, 1, 0, 0, 0, 0), byrow = T, nrow = 4)",Dunnett,1,NA,NA,NA,NA,NA,NA,NA,NA,NA,NA,25000,NA,Random,NULL,FALSE,TRUE
148,Scenario7: https://cytel1.atlassian.net/wiki/spaces/CIC/pages/4235821079/AdaptGMCP+-+Testing+for+Binary+Endpoint#Scenarios-to-Test,CombPValue,450,0.025,NA,NA,UnPooled,CombinationTest,3,2,"list(EP1 = ""Binary"", EP2 = ""Binary"")",NA,NA,"list(EP1 = c(0.1, 0.22, 0.22), EP2 = c(0.1, 0.22, 0.1))","c(1, 1, 1)","matrix(c(1, 0.5, 0.5, 1), byrow = T, nrow = 2)","c(0.5, 0.5, 0, 0)","matrix(c(0, 1, 0, 0, 1-1e-4, 0, 0.8*1e-4, 0.2*1e-4, 0, 0, 0, 1, 0, 0, 1, 0), byrow = T, nrow = 4)",Bonf,1,NA,NA,NA,NA,NA,NA,NA,NA,NA,NA,25000,NA,Random,NULL,FALSE,TRUE
149,Scenario7: https://cytel1.atlassian.net/wiki/spaces/CIC/pages/4235821079/AdaptGMCP+-+Testing+for+Binary+Endpoint#Scenarios-to-Test,CombPValue,450,0.025,NA,NA,UnPooled,CombinationTest,3,2,"list(EP1 = ""Binary"", EP2 = ""Binary"")",NA,NA,"list(EP1 = c(0.1, 0.22, 0.22), EP2 = c(0.1, 0.22, 0.1))","c(1, 1, 1)","matrix(c(1, 0.5, 0.5, 1), byrow = T, nrow = 2)","c(0.5, 0.5, 0, 0)","matrix(c(0, 1, 0, 0, 1-1e-4, 0, 0.8*1e-4, 0.2*1e-4, 0, 0, 0, 1, 0, 0, 1, 0), byrow = T, nrow = 4)",Sidak,1,NA,NA,NA,NA,NA,NA,NA,NA,NA,NA,25000,NA,Random,NULL,FALSE,TRUE
150,Scenario7: https://cytel1.atlassian.net/wiki/spaces/CIC/pages/4235821079/AdaptGMCP+-+Testing+for+Binary+Endpoint#Scenarios-to-Test,CombPValue,450,0.025,NA,NA,UnPooled,CombinationTest,3,2,"list(EP1 = ""Binary"", EP2 = ""Binary"")",NA,NA,"list(EP1 = c(0.1, 0.22, 0.22), EP2 = c(0.1, 0.22, 0.1))","c(1, 1, 1)","matrix(c(1, 0.5, 0.5, 1), byrow = T, nrow = 2)","c(0.5, 0.5, 0, 0)","matrix(c(0, 1, 0, 0, 1-1e-4, 0, 0.8*1e-4, 0.2*1e-4, 0, 0, 0, 1, 0, 0, 1, 0), byrow = T, nrow = 4)",Simes,1,NA,NA,NA,NA,NA,NA,NA,NA,NA,NA,25000,NA,Random,NULL,FALSE,TRUE
151,Scenario7: https://cytel1.atlassian.net/wiki/spaces/CIC/pages/4235821079/AdaptGMCP+-+Testing+for+Binary+Endpoint#Scenarios-to-Test,CombPValue,450,0.025,NA,NA,UnPooled,CombinationTest,3,2,"list(EP1 = ""Binary"", EP2 = ""Binary"")",NA,NA,"list(EP1 = c(0.1, 0.22, 0.22), EP2 = c(0.1, 0.22, 0.1))","c(1, 1, 1)","matrix(c(1, 0.5, 0.5, 1), byrow = T, nrow = 2)","c(0.5, 0.5, 0, 0)","matrix(c(0, 1, 0, 0, 1-1e-4, 0, 0.8*1e-4, 0.2*1e-4, 0, 0, 0, 1, 0, 0, 1, 0), byrow = T, nrow = 4)",Dunnett,1,NA,NA,NA,NA,NA,NA,NA,NA,NA,NA,25000,NA,Random,NULL,FALSE,TRUE
153,Scenario7: https://cytel1.atlassian.net/wiki/spaces/CIC/pages/4235821079/AdaptGMCP+-+Testing+for+Binary+Endpoint#Scenarios-to-Test,CombPValue,450,0.025,NA,NA,Pooled,CombinationTest,3,2,"list(EP1 = ""Binary"", EP2 = ""Binary"")",NA,NA,"list(EP1 = c(0.1, 0.22, 0.22), EP2 = c(0.1, 0.22, 0.1))","c(1, 1, 1)","matrix(c(1, 0.5, 0.5, 1), byrow = T, nrow = 2)","rep(1/4, 4)","matrix(c(0, 1/3, 1/3, 1/3, 1/3, 0, 1/3, 1/3, 1/3, 1/3, 0, 1/3, 1/3, 1/3, 1/3, 0), byrow = T, nrow = 4)",Sidak,1,NA,NA,NA,NA,NA,NA,NA,NA,NA,NA,25000,NA,Random,NULL,FALSE,TRUE
154,Scenario8: https://cytel1.atlassian.net/wiki/spaces/CIC/pages/4235821079/AdaptGMCP+-+Testing+for+Binary+Endpoint#Scenarios-to-Test,CombPValue,750,0.025,NA,NA,UnPooled,CombinationTest,5,2,"list(EP1 = ""Binary"", EP2 = ""Binary"")",NA,NA,"list(EP1 = c(0.22, 0.22, 0.22, 0.22, 0.22), EP2 = c(0.1, 0.1, 0.1, 0.1, 0.1))","c(1, 1, 1, 1, 1)","matrix(c(1, 0.5, 0.5, 1), byrow = T, nrow = 2)","c(1/4, 1/4, 1/4, 1/4, 0, 0, 0, 0)","matrix(c(0,0.083333333,0.083333333,0.083333333,0.75,0,0,0, 0.083333333,0,0.083333333,0.083333333,0,0.75,0,0, 0.083333333,0.083333333,0,0.083333333,0,0,0.75,0, 0.083333333,0.083333333,0.083333333,0,0,0,0,0.75, 0,0.333333333,0.333333333,0.333333333,0,0,0,0, 0.333333333,0,0.333333333,0.333333333,0,0,0,0, 0.333333333,0.333333333,0,0.333333333,0,0,0,0, 0.333333333,0.333333333,0.333333333,0,0,0,0,0), byrow = T, nrow = 8)",Bonf,1,NA,NA,NA,NA,NA,NA,NA,NA,NA,NA,25000,NA,Random,NULL,FALSE,TRUE
155,Scenario8: https://cytel1.atlassian.net/wiki/spaces/CIC/pages/4235821079/AdaptGMCP+-+Testing+for+Binary+Endpoint#Scenarios-to-Test,CombPValue,750,0.025,NA,NA,UnPooled,CombinationTest,5,2,"list(EP1 = ""Binary"", EP2 = ""Binary"")",NA,NA,"list(EP1 = c(0.22, 0.22, 0.22, 0.22, 0.22), EP2 = c(0.1, 0.1, 0.1, 0.1, 0.1))","c(1, 1, 1, 1, 1)","matrix(c(1, 0.5, 0.5, 1), byrow = T, nrow = 2)","c(1/4, 1/4, 1/4, 1/4, 0, 0, 0, 0)","matrix(c(0,0.083333333,0.083333333,0.083333333,0.75,0,0,0, 0.083333333,0,0.083333333,0.083333333,0,0.75,0,0, 0.083333333,0.083333333,0,0.083333333,0,0,0.75,0, 0.083333333,0.083333333,0.083333333,0,0,0,0,0.75, 0,0.333333333,0.333333333,0.333333333,0,0,0,0, 0.333333333,0,0.333333333,0.333333333,0,0,0,0, 0.333333333,0.333333333,0,0.333333333,0,0,0,0, 0.333333333,0.333333333,0.333333333,0,0,0,0,0), byrow = T, nrow = 8)",Sidak,1,NA,NA,NA,NA,NA,NA,NA,NA,NA,NA,25000,NA,Random,NULL,FALSE,TRUE
156,Scenario8: https://cytel1.atlassian.net/wiki/spaces/CIC/pages/4235821079/AdaptGMCP+-+Testing+for+Binary+Endpoint#Scenarios-to-Test,CombPValue,750,0.025,NA,NA,UnPooled,CombinationTest,5,2,"list(EP1 = ""Binary"", EP2 = ""Binary"")",NA,NA,"list(EP1 = c(0.22, 0.22, 0.22, 0.22, 0.22), EP2 = c(0.1, 0.1, 0.1, 0.1, 0.1))","c(1, 1, 1, 1, 1)","matrix(c(1, 0.5, 0.5, 1), byrow = T, nrow = 2)","c(1/4, 1/4, 1/4, 1/4, 0, 0, 0, 0)","matrix(c(0,0.083333333,0.083333333,0.083333333,0.75,0,0,0, 0.083333333,0,0.083333333,0.083333333,0,0.75,0,0, 0.083333333,0.083333333,0,0.083333333,0,0,0.75,0, 0.083333333,0.083333333,0.083333333,0,0,0,0,0.75, 0,0.333333333,0.333333333,0.333333333,0,0,0,0, 0.333333333,0,0.333333333,0.333333333,0,0,0,0, 0.333333333,0.333333333,0,0.333333333,0,0,0,0, 0.333333333,0.333333333,0.333333333,0,0,0,0,0), byrow = T, nrow = 8)",Simes,1,NA,NA,NA,NA,NA,NA,NA,NA,NA,NA,25000,NA,Random,NULL,FALSE,TRUE
157,Scenario8: https://cytel1.atlassian.net/wiki/spaces/CIC/pages/4235821079/AdaptGMCP+-+Testing+for+Binary+Endpoint#Scenarios-to-Test,CombPValue,750,0.025,NA,NA,UnPooled,CombinationTest,5,2,"list(EP1 = ""Binary"", EP2 = ""Binary"")",NA,NA,"list(EP1 = c(0.22, 0.22, 0.22, 0.22, 0.22), EP2 = c(0.1, 0.1, 0.1, 0.1, 0.1))","c(1, 1, 1, 1, 1)","matrix(c(1, 0.5, 0.5, 1), byrow = T, nrow = 2)","c(1/4, 1/4, 1/4, 1/4, 0, 0, 0, 0)","matrix(c(0,0.083333333,0.083333333,0.083333333,0.75,0,0,0, 0.083333333,0,0.083333333,0.083333333,0,0.75,0,0, 0.083333333,0.083333333,0,0.083333333,0,0,0.75,0, 0.083333333,0.083333333,0.083333333,0,0,0,0,0.75, 0,0.333333333,0.333333333,0.333333333,0,0,0,0, 0.333333333,0,0.333333333,0.333333333,0,0,0,0, 0.333333333,0.333333333,0,0.333333333,0,0,0,0, 0.333333333,0.333333333,0.333333333,0,0,0,0,0), byrow = T, nrow = 8)",Dunnett,1,NA,NA,NA,NA,NA,NA,NA,NA,NA,NA,25000,NA,Random,NULL,FALSE,TRUE
159,Scenario8: https://cytel1.atlassian.net/wiki/spaces/CIC/pages/4235821079/AdaptGMCP+-+Testing+for+Binary+Endpoint#Scenarios-to-Test,CombPValue,750,0.025,NA,NA,Pooled,CombinationTest,5,2,"list(EP1 = ""Binary"", EP2 = ""Binary"")",NA,NA,"list(EP1 = c(0.22, 0.22, 0.22, 0.22, 0.22), EP2 = c(0.1, 0.1, 0.1, 0.1, 0.1))","c(1, 1, 1, 1, 1)","matrix(c(1, 0.5, 0.5, 1), byrow = T, nrow = 2)","c(1/4, 1/4, 1/4, 1/4, 0, 0, 0, 0)","matrix(c(0,0.083333333,0.083333333,0.083333333,0.75,0,0,0, 0.083333333,0,0.083333333,0.083333333,0,0.75,0,0, 0.083333333,0.083333333,0,0.083333333,0,0,0.75,0, 0.083333333,0.083333333,0.083333333,0,0,0,0,0.75, 0,0.333333333,0.333333333,0.333333333,0,0,0,0, 0.333333333,0,0.333333333,0.333333333,0,0,0,0, 0.333333333,0.333333333,0,0.333333333,0,0,0,0, 0.333333333,0.333333333,0.333333333,0,0,0,0,0), byrow = T, nrow = 8)",Dunnett,1,NA,NA,NA,NA,NA,NA,NA,NA,NA,NA,25000,NA,Random,NULL,FALSE,TRUE
160,Scenario9: https://cytel1.atlassian.net/wiki/spaces/CIC/pages/4235821079/AdaptGMCP+-+Testing+for+Binary+Endpoint#Scenarios-to-Test,CombPValue,600,0.025,NA,NA,UnPooled,CombinationTest,5,2,"list(EP1 = ""Binary"", EP2 = ""Binary"")",NA,NA,"list(EP1 = c(0.1, 0.1, 0.1, 0.22, 0.22), EP2 = c(0.1, 0.22, 0.22, 0.22, 0.1))","c(1, 1, 1, 1.5, 1.5)","matrix(c(1, 0.5, 0.5, 1), byrow = T, nrow = 2)","c(1/4, 1/4, 1/4, 1/4, 0, 0, 0, 0)","matrix(c(0,0.083333333,0.083333333,0.083333333,0.75,0,0,0, 0.083333333,0,0.083333333,0.083333333,0,0.75,0,0, 0.083333333,0.083333333,0,0.083333333,0,0,0.75,0, 0.083333333,0.083333333,0.083333333,0,0,0,0,0.75, 0,0.333333333,0.333333333,0.333333333,0,0,0,0, 0.333333333,0,0.333333333,0.333333333,0,0,0,0, 0.333333333,0.333333333,0,0.333333333,0,0,0,0, 0.333333333,0.333333333,0.333333333,0,0,0,0,0), byrow = T, nrow = 8)",Bonf,1,NA,NA,NA,NA,NA,NA,NA,NA,NA,NA,25000,NA,Random,NULL,FALSE,TRUE
161,Scenario9: https://cytel1.atlassian.net/wiki/spaces/CIC/pages/4235821079/AdaptGMCP+-+Testing+for+Binary+Endpoint#Scenarios-to-Test,CombPValue,600,0.025,NA,NA,UnPooled,CombinationTest,5,2,"list(EP1 = ""Binary"", EP2 = ""Binary"")",NA,NA,"list(EP1 = c(0.1, 0.1, 0.1, 0.22, 0.22), EP2 = c(0.1, 0.22, 0.22, 0.22, 0.1))","c(1, 1, 1, 1.5, 1.5)","matrix(c(1, 0.5, 0.5, 1), byrow = T, nrow = 2)","c(1/4, 1/4, 1/4, 1/4, 0, 0, 0, 0)","matrix(c(0,0.083333333,0.083333333,0.083333333,0.75,0,0,0, 0.083333333,0,0.083333333,0.083333333,0,0.75,0,0, 0.083333333,0.083333333,0,0.083333333,0,0,0.75,0, 0.083333333,0.083333333,0.083333333,0,0,0,0,0.75, 0,0.333333333,0.333333333,0.333333333,0,0,0,0, 0.333333333,0,0.333333333,0.333333333,0,0,0,0, 0.333333333,0.333333333,0,0.333333333,0,0,0,0, 0.333333333,0.333333333,0.333333333,0,0,0,0,0), byrow = T, nrow = 8)",Sidak,1,NA,NA,NA,NA,NA,NA,NA,NA,NA,NA,25000,NA,Random,NULL,FALSE,TRUE
162,Scenario9: https://cytel1.atlassian.net/wiki/spaces/CIC/pages/4235821079/AdaptGMCP+-+Testing+for+Binary+Endpoint#Scenarios-to-Test,CombPValue,600,0.025,NA,NA,UnPooled,CombinationTest,5,2,"list(EP1 = ""Binary"", EP2 = ""Binary"")",NA,NA,"list(EP1 = c(0.1, 0.1, 0.1, 0.22, 0.22), EP2 = c(0.1, 0.22, 0.22, 0.22, 0.1))","c(1, 1, 1, 1.5, 1.5)","matrix(c(1, 0.5, 0.5, 1), byrow = T, nrow = 2)","c(1/4, 1/4, 1/4, 1/4, 0, 0, 0, 0)","matrix(c(0,0.083333333,0.083333333,0.083333333,0.75,0,0,0, 0.083333333,0,0.083333333,0.083333333,0,0.75,0,0, 0.083333333,0.083333333,0,0.083333333,0,0,0.75,0, 0.083333333,0.083333333,0.083333333,0,0,0,0,0.75, 0,0.333333333,0.333333333,0.333333333,0,0,0,0, 0.333333333,0,0.333333333,0.333333333,0,0,0,0, 0.333333333,0.333333333,0,0.333333333,0,0,0,0, 0.333333333,0.333333333,0.333333333,0,0,0,0,0), byrow = T, nrow = 8)",Simes,1,NA,NA,NA,NA,NA,NA,NA,NA,NA,NA,25000,NA,Random,NULL,FALSE,TRUE
163,Scenario9: https://cytel1.atlassian.net/wiki/spaces/CIC/pages/4235821079/AdaptGMCP+-+Testing+for+Binary+Endpoint#Scenarios-to-Test,CombPValue,600,0.025,NA,NA,UnPooled,CombinationTest,5,2,"list(EP1 = ""Binary"", EP2 = ""Binary"")",NA,NA,"list(EP1 = c(0.1, 0.1, 0.1, 0.22, 0.22), EP2 = c(0.1, 0.22, 0.22, 0.22, 0.1))","c(1, 1, 1, 1.5, 1.5)","matrix(c(1, 0.5, 0.5, 1), byrow = T, nrow = 2)","c(1/4, 1/4, 1/4, 1/4, 0, 0, 0, 0)","matrix(c(0,0.083333333,0.083333333,0.083333333,0.75,0,0,0, 0.083333333,0,0.083333333,0.083333333,0,0.75,0,0, 0.083333333,0.083333333,0,0.083333333,0,0,0.75,0, 0.083333333,0.083333333,0.083333333,0,0,0,0,0.75, 0,0.333333333,0.333333333,0.333333333,0,0,0,0, 0.333333333,0,0.333333333,0.333333333,0,0,0,0, 0.333333333,0.333333333,0,0.333333333,0,0,0,0, 0.333333333,0.333333333,0.333333333,0,0,0,0,0), byrow = T, nrow = 8)",Dunnett,1,NA,NA,NA,NA,NA,NA,NA,NA,NA,NA,25000,NA,Random,NULL,FALSE,TRUE
165,Scenario9: https://cytel1.atlassian.net/wiki/spaces/CIC/pages/4235821079/AdaptGMCP+-+Testing+for+Binary+Endpoint#Scenarios-to-Test,CombPValue,600,0.025,NA,NA,Pooled,CombinationTest,5,2,"list(EP1 = ""Binary"", EP2 = ""Binary"")",NA,NA,"list(EP1 = c(0.1, 0.1, 0.1, 0.22, 0.22), EP2 = c(0.1, 0.22, 0.22, 0.22, 0.1))","c(1, 1, 1, 1.5, 1.5)","matrix(c(1, 0.5, 0.5, 1), byrow = T, nrow = 2)","c(1/4, 1/4, 1/4, 1/4, 0, 0, 0, 0)","matrix(c(0,0.083333333,0.083333333,0.083333333,0.75,0,0,0, 0.083333333,0,0.083333333,0.083333333,0,0.75,0,0, 0.083333333,0.083333333,0,0.083333333,0,0,0.75,0, 0.083333333,0.083333333,0.083333333,0,0,0,0,0.75, 0,0.333333333,0.333333333,0.333333333,0,0,0,0, 0.333333333,0,0.333333333,0.333333333,0,0,0,0, 0.333333333,0.333333333,0,0.333333333,0,0,0,0, 0.333333333,0.333333333,0.333333333,0,0,0,0,0), byrow = T, nrow = 8)",Sidak,1,NA,NA,NA,NA,NA,NA,NA,NA,NA,NA,25000,NA,Random,NULL,FALSE,TRUE
166,Scenario10: https://cytel1.atlassian.net/wiki/spaces/CIC/pages/4235821079/AdaptGMCP+-+Testing+for+Binary+Endpoint#Scenarios-to-Test,CombPValue,500,0.025,NA,NA,UnPooled,CombinationTest,3,3,"list(EP1 = ""Binary"", EP2 = ""Binary"", EP3 = ""Binary"")",NA,NA,"list(EP1 = c(0.33, 0.33, 0.33), EP2 = c(0.22, 0.22, 0.22), EP3 = c(0.1, 0.1, 0.1))","c(1, 200/150, 1)","matrix(c(1, 0.5, 0.5, 0.5, 1, 0.5, 0.5, 0.5, 1), byrow = T, nrow = 3)","c(1, 0, 0, 0, 0, 0)","matrix(c(0,0,0,0,0,0,0.5,0,0.9999,0,0,0,0.5,0.9999,0,0,0,0,0,1e-04,0,0,0.9999,0,0,0,1e-04,0.9999,0,0,0,0,0,1e-04,1e-04,0), nrow = 6, byrow = F)",Bonf,1,NA,NA,NA,NA,NA,NA,NA,NA,NA,NA,25000,NA,Random,NULL,FALSE,TRUE
167,Scenario10: https://cytel1.atlassian.net/wiki/spaces/CIC/pages/4235821079/AdaptGMCP+-+Testing+for+Binary+Endpoint#Scenarios-to-Test,CombPValue,500,0.025,NA,NA,UnPooled,CombinationTest,3,3,"list(EP1 = ""Binary"", EP2 = ""Binary"", EP3 = ""Binary"")",NA,NA,"list(EP1 = c(0.33, 0.33, 0.33), EP2 = c(0.22, 0.22, 0.22), EP3 = c(0.1, 0.1, 0.1))","c(1, 200/150, 1)","matrix(c(1, 0.5, 0.5, 0.5, 1, 0.5, 0.5, 0.5, 1), byrow = T, nrow = 3)","c(1, 0, 0, 0, 0, 0)","matrix(c(0,0,0,0,0,0,0.5,0,0.9999,0,0,0,0.5,0.9999,0,0,0,0,0,1e-04,0,0,0.9999,0,0,0,1e-04,0.9999,0,0,0,0,0,1e-04,1e-04,0), nrow = 6, byrow = F)",Sidak,1,NA,NA,NA,NA,NA,NA,NA,NA,NA,NA,25000,NA,Random,NULL,FALSE,TRUE
168,Scenario10: https://cytel1.atlassian.net/wiki/spaces/CIC/pages/4235821079/AdaptGMCP+-+Testing+for+Binary+Endpoint#Scenarios-to-Test,CombPValue,500,0.025,NA,NA,UnPooled,CombinationTest,3,3,"list(EP1 = ""Binary"", EP2 = ""Binary"", EP3 = ""Binary"")",NA,NA,"list(EP1 = c(0.33, 0.33, 0.33), EP2 = c(0.22, 0.22, 0.22), EP3 = c(0.1, 0.1, 0.1))","c(1, 200/150, 1)","matrix(c(1, 0.5, 0.5, 0.5, 1, 0.5, 0.5, 0.5, 1), byrow = T, nrow = 3)","c(1, 0, 0, 0, 0, 0)","matrix(c(0,0,0,0,0,0,0.5,0,0.9999,0,0,0,0.5,0.9999,0,0,0,0,0,1e-04,0,0,0.9999,0,0,0,1e-04,0.9999,0,0,0,0,0,1e-04,1e-04,0), nrow = 6, byrow = F)",Simes,1,NA,NA,NA,NA,NA,NA,NA,NA,NA,NA,25000,NA,Random,NULL,FALSE,TRUE
169,Scenario10: https://cytel1.atlassian.net/wiki/spaces/CIC/pages/4235821079/AdaptGMCP+-+Testing+for+Binary+Endpoint#Scenarios-to-Test,CombPValue,500,0.025,NA,NA,UnPooled,CombinationTest,3,3,"list(EP1 = ""Binary"", EP2 = ""Binary"", EP3 = ""Binary"")",NA,NA,"list(EP1 = c(0.33, 0.33, 0.33), EP2 = c(0.22, 0.22, 0.22), EP3 = c(0.1, 0.1, 0.1))","c(1, 200/150, 1)","matrix(c(1, 0.5, 0.5, 0.5, 1, 0.5, 0.5, 0.5, 1), byrow = T, nrow = 3)","c(1, 0, 0, 0, 0, 0)","matrix(c(0,0,0,0,0,0,0.5,0,0.9999,0,0,0,0.5,0.9999,0,0,0,0,0,1e-04,0,0,0.9999,0,0,0,1e-04,0.9999,0,0,0,0,0,1e-04,1e-04,0), nrow = 6, byrow = F)",Dunnett,1,NA,NA,NA,NA,NA,NA,NA,NA,NA,NA,25000,NA,Random,NULL,FALSE,TRUE
171,Scenario10: https://cytel1.atlassian.net/wiki/spaces/CIC/pages/4235821079/AdaptGMCP+-+Testing+for+Binary+Endpoint#Scenarios-to-Test,CombPValue,500,0.025,NA,NA,Pooled,CombinationTest,3,3,"list(EP1 = ""Binary"", EP2 = ""Binary"", EP3 = ""Binary"")",NA,NA,"list(EP1 = c(0.33, 0.33, 0.33), EP2 = c(0.22, 0.22, 0.22), EP3 = c(0.1, 0.1, 0.1))","c(1, 200/150, 1)","matrix(c(1, 0.5, 0.5, 0.5, 1, 0.5, 0.5, 0.5, 1), byrow = T, nrow = 3)","c(1, 0, 0, 0, 0, 0)","matrix(c(0,0,0,0,0,0,0.5,0,0.9999,0,0,0,0.5,0.9999,0,0,0,0,0,1e-04,0,0,0.9999,0,0,0,1e-04,0.9999,0,0,0,0,0,1e-04,1e-04,0), nrow = 6, byrow = F)",Simes,1,NA,NA,NA,NA,NA,NA,NA,NA,NA,NA,25000,NA,Random,NULL,FALSE,TRUE
172,Scenario11: https://cytel1.atlassian.net/wiki/spaces/CIC/pages/4235821079/AdaptGMCP+-+Testing+for+Binary+Endpoint#Scenarios-to-Test,CombPValue,500,0.025,NA,NA,UnPooled,CombinationTest,3,3,"list(EP1 = ""Binary"", EP2 = ""Binary"", EP3 = ""Binary"")",NA,NA,"list(EP1 = c(0.1, 0.33, 0.25), EP2 = c(0.1, 0.22, 0.22), EP3 = c(0.1, 0.25, 0.15))","c(1, 200/150, 1)","matrix(c(1, 0.5, 0.5, 0.5, 1, 0.5, 0.5, 0.5, 1), byrow = T, nrow = 3)","c(1, 0, 0, 0, 0, 0)","matrix(c(0,0,0,0,0,0,0.5,0,0.9999,0,0,0,0.5,0.9999,0,0,0,0,0,1e-04,0,0,0.9999,0,0,0,1e-04,0.9999,0,0,0,0,0,1e-04,1e-04,0), nrow = 6, byrow = F)",Bonf,1,NA,NA,NA,NA,NA,NA,NA,NA,NA,NA,25000,NA,Random,NULL,FALSE,TRUE
173,Scenario11: https://cytel1.atlassian.net/wiki/spaces/CIC/pages/4235821079/AdaptGMCP+-+Testing+for+Binary+Endpoint#Scenarios-to-Test,CombPValue,500,0.025,NA,NA,UnPooled,CombinationTest,3,3,"list(EP1 = ""Binary"", EP2 = ""Binary"", EP3 = ""Binary"")",NA,NA,"list(EP1 = c(0.1, 0.33, 0.25), EP2 = c(0.1, 0.22, 0.22), EP3 = c(0.1, 0.25, 0.15))","c(1, 200/150, 1)","matrix(c(1, 0.5, 0.5, 0.5, 1, 0.5, 0.5, 0.5, 1), byrow = T, nrow = 3)","c(1, 0, 0, 0, 0, 0)","matrix(c(0,0,0,0,0,0,0.5,0,0.9999,0,0,0,0.5,0.9999,0,0,0,0,0,1e-04,0,0,0.9999,0,0,0,1e-04,0.9999,0,0,0,0,0,1e-04,1e-04,0), nrow = 6, byrow = F)",Sidak,1,NA,NA,NA,NA,NA,NA,NA,NA,NA,NA,25000,NA,Random,NULL,FALSE,TRUE
174,Scenario11: https://cytel1.atlassian.net/wiki/spaces/CIC/pages/4235821079/AdaptGMCP+-+Testing+for+Binary+Endpoint#Scenarios-to-Test,CombPValue,500,0.025,NA,NA,UnPooled,CombinationTest,3,3,"list(EP1 = ""Binary"", EP2 = ""Binary"", EP3 = ""Binary"")",NA,NA,"list(EP1 = c(0.1, 0.33, 0.25), EP2 = c(0.1, 0.22, 0.22), EP3 = c(0.1, 0.25, 0.15))","c(1, 200/150, 1)","matrix(c(1, 0.5, 0.5, 0.5, 1, 0.5, 0.5, 0.5, 1), byrow = T, nrow = 3)","c(1, 0, 0, 0, 0, 0)","matrix(c(0,0,0,0,0,0,0.5,0,0.9999,0,0,0,0.5,0.9999,0,0,0,0,0,1e-04,0,0,0.9999,0,0,0,1e-04,0.9999,0,0,0,0,0,1e-04,1e-04,0), nrow = 6, byrow = F)",Simes,1,NA,NA,NA,NA,NA,NA,NA,NA,NA,NA,25000,NA,Random,NULL,FALSE,TRUE
175,Scenario11: https://cytel1.atlassian.net/wiki/spaces/CIC/pages/4235821079/AdaptGMCP+-+Testing+for+Binary+Endpoint#Scenarios-to-Test,CombPValue,500,0.025,NA,NA,UnPooled,CombinationTest,3,3,"list(EP1 = ""Binary"", EP2 = ""Binary"", EP3 = ""Binary"")",NA,NA,"list(EP1 = c(0.1, 0.33, 0.25), EP2 = c(0.1, 0.22, 0.22), EP3 = c(0.1, 0.25, 0.15))","c(1, 200/150, 1)","matrix(c(1, 0.5, 0.5, 0.5, 1, 0.5, 0.5, 0.5, 1), byrow = T, nrow = 3)","c(1, 0, 0, 0, 0, 0)","matrix(c(0,0,0,0,0,0,0.5,0,0.9999,0,0,0,0.5,0.9999,0,0,0,0,0,1e-04,0,0,0.9999,0,0,0,1e-04,0.9999,0,0,0,0,0,1e-04,1e-04,0), nrow = 6, byrow = F)",Dunnett,1,NA,NA,NA,NA,NA,NA,NA,NA,NA,NA,25000,NA,Random,NULL,FALSE,TRUE
177,Scenario11: https://cytel1.atlassian.net/wiki/spaces/CIC/pages/4235821079/AdaptGMCP+-+Testing+for+Binary+Endpoint#Scenarios-to-Test,CombPValue,500,0.025,NA,NA,Pooled,CombinationTest,3,3,"list(EP1 = ""Binary"", EP2 = ""Binary"", EP3 = ""Binary"")",NA,NA,"list(EP1 = c(0.1, 0.33, 0.25), EP2 = c(0.1, 0.22, 0.22), EP3 = c(0.1, 0.25, 0.15))","c(1, 200/150, 1)","matrix(c(1, 0.5, 0.5, 0.5, 1, 0.5, 0.5, 0.5, 1), byrow = T, nrow = 3)","c(1, 0, 0, 0, 0, 0)","matrix(c(0,0,0,0,0,0,0.5,0,0.9999,0,0,0,0.5,0.9999,0,0,0,0,0,1e-04,0,0,0.9999,0,0,0,1e-04,0.9999,0,0,0,0,0,1e-04,1e-04,0), nrow = 6, byrow = F)",Bonf,1,NA,NA,NA,NA,NA,NA,NA,NA,NA,NA,25000,NA,Random,NULL,FALSE,TRUE
