ModelID,Scenario,SampleSize,alpha,nArms,nEps,Arms.Prop,Arms.alloc.ratio,EP.Corr,WI,G,test.type,nSimulation,AdaptGMCP.ModelID
1,Scenario1: https://cytel1.atlassian.net/wiki/spaces/CIC/pages/4235821079/AdaptGMCP+-+Testing+for+Binary+Endpoint#Scenarios-to-Test,500,0.025,5,1,"list(EP1 = c(0.1, 0.1, 0.1, 0.1, 0.1))","c(1, 1, 1, 1, 1)",NA,"rep(1/4, 4)","matrix(rep(0, 16), byrow = T, nrow = 4)",Bonf,25000,1
2,Scenario1: https://cytel1.atlassian.net/wiki/spaces/CIC/pages/4235821079/AdaptGMCP+-+Testing+for+Binary+Endpoint#Scenarios-to-Test,500,0.025,5,1,"list(EP1 = c(0.1, 0.1, 0.1, 0.1, 0.1))","c(1, 1, 1, 1, 1)",NA,"rep(1/4, 4)","matrix(rep(0, 16), byrow = T, nrow = 4)",Sidak,25000,2
3,Scenario1: https://cytel1.atlassian.net/wiki/spaces/CIC/pages/4235821079/AdaptGMCP+-+Testing+for+Binary+Endpoint#Scenarios-to-Test,500,0.025,5,1,"list(EP1 = c(0.1, 0.1, 0.1, 0.1, 0.1))","c(1, 1, 1, 1, 1)",NA,"rep(1/4, 4)","matrix(rep(0, 16), byrow = T, nrow = 4)",Dunnett,25000,4
4,Scenario1: https://cytel1.atlassian.net/wiki/spaces/CIC/pages/4235821079/AdaptGMCP+-+Testing+for+Binary+Endpoint#Scenarios-to-Test,500,0.025,5,1,"list(EP1 = c(0.1, 0.1, 0.1, 0.1, 0.1))","c(1, 1, 1, 1, 1)",NA,"rep(1/4, 4)","matrix(c(0, 1/3, 1/3, 1/3, 1/3, 0, 1/3, 1/3, 1/3, 1/3, 0, 1/3, 1/3, 1/3, 1/3, 0), byrow = T, nrow = 4)",Bonf,25000,5
5,Scenario1: https://cytel1.atlassian.net/wiki/spaces/CIC/pages/4235821079/AdaptGMCP+-+Testing+for+Binary+Endpoint#Scenarios-to-Test,500,0.025,5,1,"list(EP1 = c(0.1, 0.1, 0.1, 0.1, 0.1))","c(1, 1, 1, 1, 1)",NA,"rep(1/4, 4)","matrix(c(0, 1/3, 1/3, 1/3, 1/3, 0, 1/3, 1/3, 1/3, 1/3, 0, 1/3, 1/3, 1/3, 1/3, 0), byrow = T, nrow = 4)",Sidak,25000,6
6,Scenario1: https://cytel1.atlassian.net/wiki/spaces/CIC/pages/4235821079/AdaptGMCP+-+Testing+for+Binary+Endpoint#Scenarios-to-Test,500,0.025,5,1,"list(EP1 = c(0.1, 0.1, 0.1, 0.1, 0.1))","c(1, 1, 1, 1, 1)",NA,"rep(1/4, 4)","matrix(c(0, 1/3, 1/3, 1/3, 1/3, 0, 1/3, 1/3, 1/3, 1/3, 0, 1/3, 1/3, 1/3, 1/3, 0), byrow = T, nrow = 4)",Dunnett,25000,8
7,Scenario1: https://cytel1.atlassian.net/wiki/spaces/CIC/pages/4235821079/AdaptGMCP+-+Testing+for+Binary+Endpoint#Scenarios-to-Test,500,0.025,5,1,"list(EP1 = c(0.1, 0.1, 0.1, 0.1, 0.1))","c(1, 1, 1, 1, 1)",NA,"c(0.4, 0.3, 0.2, 0.1)","matrix(c(0, 1/3, 1/3, 1/3, 1/3, 0, 1/3, 1/3, 1/3, 1/3, 0, 1/3, 1/3, 1/3, 1/3, 0), byrow = T, nrow = 4)",Bonf,25000,9
8,Scenario1: https://cytel1.atlassian.net/wiki/spaces/CIC/pages/4235821079/AdaptGMCP+-+Testing+for+Binary+Endpoint#Scenarios-to-Test,500,0.025,5,1,"list(EP1 = c(0.1, 0.1, 0.1, 0.1, 0.1))","c(1, 1, 1, 1, 1)",NA,"c(0.4, 0.3, 0.2, 0.1)","matrix(c(0, 1/3, 1/3, 1/3, 1/3, 0, 1/3, 1/3, 1/3, 1/3, 0, 1/3, 1/3, 1/3, 1/3, 0), byrow = T, nrow = 4)",Sidak,25000,10
9,Scenario1: https://cytel1.atlassian.net/wiki/spaces/CIC/pages/4235821079/AdaptGMCP+-+Testing+for+Binary+Endpoint#Scenarios-to-Test,500,0.025,5,1,"list(EP1 = c(0.1, 0.1, 0.1, 0.1, 0.1))","c(1, 1, 1, 1, 1)",NA,"c(0.4, 0.3, 0.2, 0.1)","matrix(c(0, 1/3, 1/3, 1/3, 1/3, 0, 1/3, 1/3, 1/3, 1/3, 0, 1/3, 1/3, 1/3, 1/3, 0), byrow = T, nrow = 4)",Dunnett,25000,12
10,Scenario1: https://cytel1.atlassian.net/wiki/spaces/CIC/pages/4235821079/AdaptGMCP+-+Testing+for+Binary+Endpoint#Scenarios-to-Test,500,0.025,5,1,"list(EP1 = c(0.1, 0.1, 0.1, 0.1, 0.1))","c(1, 1, 1, 1, 1)",NA,"c(1, 0, 0, 0)","matrix(c(0, 1, 0, 0, 0, 0, 1, 0, 0, 0, 0, 1, 0, 0, 0, 0), byrow = T, nrow = 4)",Bonf,25000,13
11,Scenario1: https://cytel1.atlassian.net/wiki/spaces/CIC/pages/4235821079/AdaptGMCP+-+Testing+for+Binary+Endpoint#Scenarios-to-Test,500,0.025,5,1,"list(EP1 = c(0.1, 0.1, 0.1, 0.1, 0.1))","c(1, 1, 1, 1, 1)",NA,"c(1, 0, 0, 0)","matrix(c(0, 1, 0, 0, 0, 0, 1, 0, 0, 0, 0, 1, 0, 0, 0, 0), byrow = T, nrow = 4)",Sidak,25000,14
12,Scenario1: https://cytel1.atlassian.net/wiki/spaces/CIC/pages/4235821079/AdaptGMCP+-+Testing+for+Binary+Endpoint#Scenarios-to-Test,500,0.025,5,1,"list(EP1 = c(0.1, 0.1, 0.1, 0.1, 0.1))","c(1, 1, 1, 1, 1)",NA,"c(1, 0, 0, 0)","matrix(c(0, 1, 0, 0, 0, 0, 1, 0, 0, 0, 0, 1, 0, 0, 0, 0), byrow = T, nrow = 4)",Dunnett,25000,16
13,Scenario1: https://cytel1.atlassian.net/wiki/spaces/CIC/pages/4235821079/AdaptGMCP+-+Testing+for+Binary+Endpoint#Scenarios-to-Test,500,0.025,5,1,"list(EP1 = c(0.1, 0.1, 0.1, 0.1, 0.1))","c(1, 1, 1, 1, 1)",NA,"c(0.4, 0.4, 0.1, 0.1)","matrix(c(0, 1, 0, 0, 0, 0, 1, 0, 0, 0, 0, 1, 0, 0, 0, 0), byrow = T, nrow = 4)",Bonf,25000,17
14,Scenario1: https://cytel1.atlassian.net/wiki/spaces/CIC/pages/4235821079/AdaptGMCP+-+Testing+for+Binary+Endpoint#Scenarios-to-Test,500,0.025,5,1,"list(EP1 = c(0.1, 0.1, 0.1, 0.1, 0.1))","c(1, 1, 1, 1, 1)",NA,"c(0.4, 0.4, 0.1, 0.1)","matrix(c(0, 1, 0, 0, 0, 0, 1, 0, 0, 0, 0, 1, 0, 0, 0, 0), byrow = T, nrow = 4)",Sidak,25000,18
15,Scenario1: https://cytel1.atlassian.net/wiki/spaces/CIC/pages/4235821079/AdaptGMCP+-+Testing+for+Binary+Endpoint#Scenarios-to-Test,500,0.025,5,1,"list(EP1 = c(0.1, 0.1, 0.1, 0.1, 0.1))","c(1, 1, 1, 1, 1)",NA,"c(0.4, 0.4, 0.1, 0.1)","matrix(c(0, 1, 0, 0, 0, 0, 1, 0, 0, 0, 0, 1, 0, 0, 0, 0), byrow = T, nrow = 4)",Dunnett,25000,20
16,Scenario1: https://cytel1.atlassian.net/wiki/spaces/CIC/pages/4235821079/AdaptGMCP+-+Testing+for+Binary+Endpoint#Scenarios-to-Test,500,0.025,5,1,"list(EP1 = c(0.1, 0.1, 0.1, 0.1, 0.1))","c(1, 1, 1, 1, 1)",NA,"c(0.4, 0.4, 0.1, 0.1)","matrix(c(0, 1, 0, 0, 0, 0, 1, 0, 0, 0, 0, 1, 0, 0, 0, 0), byrow = T, nrow = 4)",Dunnett,25000,21
17,Scenario2: https://cytel1.atlassian.net/wiki/spaces/CIC/pages/4235821079/AdaptGMCP+-+Testing+for+Binary+Endpoint#Scenarios-to-Test,500,0.025,5,1,"list(EP1 = rep(0.22, 5))","c(1, 1, 1, 1, 1)",NA,"rep(1/4, 4)","matrix(rep(0, 16), byrow = T, nrow = 4)",Bonf,25000,22
18,Scenario2: https://cytel1.atlassian.net/wiki/spaces/CIC/pages/4235821079/AdaptGMCP+-+Testing+for+Binary+Endpoint#Scenarios-to-Test,500,0.025,5,1,"list(EP1 = rep(0.22, 5))","c(1, 1, 1, 1, 1)",NA,"rep(1/4, 4)","matrix(rep(0, 16), byrow = T, nrow = 4)",Sidak,25000,23
19,Scenario2: https://cytel1.atlassian.net/wiki/spaces/CIC/pages/4235821079/AdaptGMCP+-+Testing+for+Binary+Endpoint#Scenarios-to-Test,500,0.025,5,1,"list(EP1 = rep(0.22, 5))","c(1, 1, 1, 1, 1)",NA,"rep(1/4, 4)","matrix(rep(0, 16), byrow = T, nrow = 4)",Dunnett,25000,25
20,Scenario2: https://cytel1.atlassian.net/wiki/spaces/CIC/pages/4235821079/AdaptGMCP+-+Testing+for+Binary+Endpoint#Scenarios-to-Test,500,0.025,5,1,"list(EP1 = rep(0.22, 5))","c(1, 1, 1, 1, 1)",NA,"rep(1/4, 4)","matrix(c(0, 1/3, 1/3, 1/3, 1/3, 0, 1/3, 1/3, 1/3, 1/3, 0, 1/3, 1/3, 1/3, 1/3, 0), byrow = T, nrow = 4)",Bonf,25000,26
21,Scenario2: https://cytel1.atlassian.net/wiki/spaces/CIC/pages/4235821079/AdaptGMCP+-+Testing+for+Binary+Endpoint#Scenarios-to-Test,500,0.025,5,1,"list(EP1 = rep(0.22, 5))","c(1, 1, 1, 1, 1)",NA,"rep(1/4, 4)","matrix(c(0, 1/3, 1/3, 1/3, 1/3, 0, 1/3, 1/3, 1/3, 1/3, 0, 1/3, 1/3, 1/3, 1/3, 0), byrow = T, nrow = 4)",Sidak,25000,27
22,Scenario2: https://cytel1.atlassian.net/wiki/spaces/CIC/pages/4235821079/AdaptGMCP+-+Testing+for+Binary+Endpoint#Scenarios-to-Test,500,0.025,5,1,"list(EP1 = rep(0.22, 5))","c(1, 1, 1, 1, 1)",NA,"rep(1/4, 4)","matrix(c(0, 1/3, 1/3, 1/3, 1/3, 0, 1/3, 1/3, 1/3, 1/3, 0, 1/3, 1/3, 1/3, 1/3, 0), byrow = T, nrow = 4)",Dunnett,25000,29
23,Scenario2: https://cytel1.atlassian.net/wiki/spaces/CIC/pages/4235821079/AdaptGMCP+-+Testing+for+Binary+Endpoint#Scenarios-to-Test,500,0.025,5,1,"list(EP1 = rep(0.22, 5))","c(1, 1, 1, 1, 1)",NA,"c(0.4, 0.3, 0.2, 0.1)","matrix(c(0, 1/3, 1/3, 1/3, 1/3, 0, 1/3, 1/3, 1/3, 1/3, 0, 1/3, 1/3, 1/3, 1/3, 0), byrow = T, nrow = 4)",Bonf,25000,30
24,Scenario2: https://cytel1.atlassian.net/wiki/spaces/CIC/pages/4235821079/AdaptGMCP+-+Testing+for+Binary+Endpoint#Scenarios-to-Test,500,0.025,5,1,"list(EP1 = rep(0.22, 5))","c(1, 1, 1, 1, 1)",NA,"c(0.4, 0.3, 0.2, 0.1)","matrix(c(0, 1/3, 1/3, 1/3, 1/3, 0, 1/3, 1/3, 1/3, 1/3, 0, 1/3, 1/3, 1/3, 1/3, 0), byrow = T, nrow = 4)",Sidak,25000,31
25,Scenario2: https://cytel1.atlassian.net/wiki/spaces/CIC/pages/4235821079/AdaptGMCP+-+Testing+for+Binary+Endpoint#Scenarios-to-Test,500,0.025,5,1,"list(EP1 = rep(0.22, 5))","c(1, 1, 1, 1, 1)",NA,"c(0.4, 0.3, 0.2, 0.1)","matrix(c(0, 1/3, 1/3, 1/3, 1/3, 0, 1/3, 1/3, 1/3, 1/3, 0, 1/3, 1/3, 1/3, 1/3, 0), byrow = T, nrow = 4)",Dunnett,25000,33
26,Scenario2: https://cytel1.atlassian.net/wiki/spaces/CIC/pages/4235821079/AdaptGMCP+-+Testing+for+Binary+Endpoint#Scenarios-to-Test,500,0.025,5,1,"list(EP1 = rep(0.22, 5))","c(1, 1, 1, 1, 1)",NA,"c(1, 0, 0, 0)","matrix(c(0, 1, 0, 0, 0, 0, 1, 0, 0, 0, 0, 1, 0, 0, 0, 0), byrow = T, nrow = 4)",Bonf,25000,34
27,Scenario2: https://cytel1.atlassian.net/wiki/spaces/CIC/pages/4235821079/AdaptGMCP+-+Testing+for+Binary+Endpoint#Scenarios-to-Test,500,0.025,5,1,"list(EP1 = rep(0.22, 5))","c(1, 1, 1, 1, 1)",NA,"c(1, 0, 0, 0)","matrix(c(0, 1, 0, 0, 0, 0, 1, 0, 0, 0, 0, 1, 0, 0, 0, 0), byrow = T, nrow = 4)",Sidak,25000,35
28,Scenario2: https://cytel1.atlassian.net/wiki/spaces/CIC/pages/4235821079/AdaptGMCP+-+Testing+for+Binary+Endpoint#Scenarios-to-Test,500,0.025,5,1,"list(EP1 = rep(0.22, 5))","c(1, 1, 1, 1, 1)",NA,"c(1, 0, 0, 0)","matrix(c(0, 1, 0, 0, 0, 0, 1, 0, 0, 0, 0, 1, 0, 0, 0, 0), byrow = T, nrow = 4)",Dunnett,25000,37
29,Scenario2: https://cytel1.atlassian.net/wiki/spaces/CIC/pages/4235821079/AdaptGMCP+-+Testing+for+Binary+Endpoint#Scenarios-to-Test,500,0.025,5,1,"list(EP1 = rep(0.22, 5))","c(1, 1, 1, 1, 1)",NA,"c(0.4, 0.4, 0.1, 0.1)","matrix(c(0, 1, 0, 0, 0, 0, 1, 0, 0, 0, 0, 1, 0, 0, 0, 0), byrow = T, nrow = 4)",Bonf,25000,38
30,Scenario2: https://cytel1.atlassian.net/wiki/spaces/CIC/pages/4235821079/AdaptGMCP+-+Testing+for+Binary+Endpoint#Scenarios-to-Test,500,0.025,5,1,"list(EP1 = rep(0.22, 5))","c(1, 1, 1, 1, 1)",NA,"c(0.4, 0.4, 0.1, 0.1)","matrix(c(0, 1, 0, 0, 0, 0, 1, 0, 0, 0, 0, 1, 0, 0, 0, 0), byrow = T, nrow = 4)",Sidak,25000,39
31,Scenario2: https://cytel1.atlassian.net/wiki/spaces/CIC/pages/4235821079/AdaptGMCP+-+Testing+for+Binary+Endpoint#Scenarios-to-Test,500,0.025,5,1,"list(EP1 = rep(0.22, 5))","c(1, 1, 1, 1, 1)",NA,"c(0.4, 0.4, 0.1, 0.1)","matrix(c(0, 1, 0, 0, 0, 0, 1, 0, 0, 0, 0, 1, 0, 0, 0, 0), byrow = T, nrow = 4)",Dunnett,25000,41
32,Scenario3: https://cytel1.atlassian.net/wiki/spaces/CIC/pages/4235821079/AdaptGMCP+-+Testing+for+Binary+Endpoint#Scenarios-to-Test,600,0.025,5,1,"list(EP1 = rep(0.22, 5))","c(1, 1, 1, 1.5, 1.5)",NA,"rep(1/4, 4)","matrix(rep(0, 16), byrow = T, nrow = 4)",Bonf,25000,42
33,Scenario3: https://cytel1.atlassian.net/wiki/spaces/CIC/pages/4235821079/AdaptGMCP+-+Testing+for+Binary+Endpoint#Scenarios-to-Test,600,0.025,5,1,"list(EP1 = rep(0.22, 5))","c(1, 1, 1, 1.5, 1.5)",NA,"rep(1/4, 4)","matrix(rep(0, 16), byrow = T, nrow = 4)",Sidak,25000,43
34,Scenario3: https://cytel1.atlassian.net/wiki/spaces/CIC/pages/4235821079/AdaptGMCP+-+Testing+for+Binary+Endpoint#Scenarios-to-Test,600,0.025,5,1,"list(EP1 = rep(0.22, 5))","c(1, 1, 1, 1.5, 1.5)",NA,"rep(1/4, 4)","matrix(rep(0, 16), byrow = T, nrow = 4)",Dunnett,25000,45
35,Scenario3: https://cytel1.atlassian.net/wiki/spaces/CIC/pages/4235821079/AdaptGMCP+-+Testing+for+Binary+Endpoint#Scenarios-to-Test,600,0.025,5,1,"list(EP1 = rep(0.22, 5))","c(1, 1, 1, 1.5, 1.5)",NA,"rep(1/4, 4)","matrix(c(0, 1/3, 1/3, 1/3, 1/3, 0, 1/3, 1/3, 1/3, 1/3, 0, 1/3, 1/3, 1/3, 1/3, 0), byrow = T, nrow = 4)",Bonf,25000,46
36,Scenario3: https://cytel1.atlassian.net/wiki/spaces/CIC/pages/4235821079/AdaptGMCP+-+Testing+for+Binary+Endpoint#Scenarios-to-Test,600,0.025,5,1,"list(EP1 = rep(0.22, 5))","c(1, 1, 1, 1.5, 1.5)",NA,"rep(1/4, 4)","matrix(c(0, 1/3, 1/3, 1/3, 1/3, 0, 1/3, 1/3, 1/3, 1/3, 0, 1/3, 1/3, 1/3, 1/3, 0), byrow = T, nrow = 4)",Sidak,25000,47
37,Scenario3: https://cytel1.atlassian.net/wiki/spaces/CIC/pages/4235821079/AdaptGMCP+-+Testing+for+Binary+Endpoint#Scenarios-to-Test,600,0.025,5,1,"list(EP1 = rep(0.22, 5))","c(1, 1, 1, 1.5, 1.5)",NA,"rep(1/4, 4)","matrix(c(0, 1/3, 1/3, 1/3, 1/3, 0, 1/3, 1/3, 1/3, 1/3, 0, 1/3, 1/3, 1/3, 1/3, 0), byrow = T, nrow = 4)",Dunnett,25000,49
38,Scenario3: https://cytel1.atlassian.net/wiki/spaces/CIC/pages/4235821079/AdaptGMCP+-+Testing+for+Binary+Endpoint#Scenarios-to-Test,600,0.025,5,1,"list(EP1 = rep(0.22, 5))","c(1, 1, 1, 1.5, 1.5)",NA,"c(0.4, 0.3, 0.2, 0.1)","matrix(c(0, 1/3, 1/3, 1/3, 1/3, 0, 1/3, 1/3, 1/3, 1/3, 0, 1/3, 1/3, 1/3, 1/3, 0), byrow = T, nrow = 4)",Bonf,25000,50
39,Scenario3: https://cytel1.atlassian.net/wiki/spaces/CIC/pages/4235821079/AdaptGMCP+-+Testing+for+Binary+Endpoint#Scenarios-to-Test,600,0.025,5,1,"list(EP1 = rep(0.22, 5))","c(1, 1, 1, 1.5, 1.5)",NA,"c(0.4, 0.3, 0.2, 0.1)","matrix(c(0, 1/3, 1/3, 1/3, 1/3, 0, 1/3, 1/3, 1/3, 1/3, 0, 1/3, 1/3, 1/3, 1/3, 0), byrow = T, nrow = 4)",Sidak,25000,51
40,Scenario3: https://cytel1.atlassian.net/wiki/spaces/CIC/pages/4235821079/AdaptGMCP+-+Testing+for+Binary+Endpoint#Scenarios-to-Test,600,0.025,5,1,"list(EP1 = rep(0.22, 5))","c(1, 1, 1, 1.5, 1.5)",NA,"c(0.4, 0.3, 0.2, 0.1)","matrix(c(0, 1/3, 1/3, 1/3, 1/3, 0, 1/3, 1/3, 1/3, 1/3, 0, 1/3, 1/3, 1/3, 1/3, 0), byrow = T, nrow = 4)",Dunnett,25000,53
41,Scenario3: https://cytel1.atlassian.net/wiki/spaces/CIC/pages/4235821079/AdaptGMCP+-+Testing+for+Binary+Endpoint#Scenarios-to-Test,600,0.025,5,1,"list(EP1 = rep(0.22, 5))","c(1, 1, 1, 1.5, 1.5)",NA,"c(1, 0, 0, 0)","matrix(c(0, 1, 0, 0, 0, 0, 1, 0, 0, 0, 0, 1, 0, 0, 0, 0), byrow = T, nrow = 4)",Bonf,25000,54
42,Scenario3: https://cytel1.atlassian.net/wiki/spaces/CIC/pages/4235821079/AdaptGMCP+-+Testing+for+Binary+Endpoint#Scenarios-to-Test,600,0.025,5,1,"list(EP1 = rep(0.22, 5))","c(1, 1, 1, 1.5, 1.5)",NA,"c(1, 0, 0, 0)","matrix(c(0, 1, 0, 0, 0, 0, 1, 0, 0, 0, 0, 1, 0, 0, 0, 0), byrow = T, nrow = 4)",Sidak,25000,55
43,Scenario3: https://cytel1.atlassian.net/wiki/spaces/CIC/pages/4235821079/AdaptGMCP+-+Testing+for+Binary+Endpoint#Scenarios-to-Test,600,0.025,5,1,"list(EP1 = rep(0.22, 5))","c(1, 1, 1, 1.5, 1.5)",NA,"c(1, 0, 0, 0)","matrix(c(0, 1, 0, 0, 0, 0, 1, 0, 0, 0, 0, 1, 0, 0, 0, 0), byrow = T, nrow = 4)",Dunnett,25000,57
44,Scenario3: https://cytel1.atlassian.net/wiki/spaces/CIC/pages/4235821079/AdaptGMCP+-+Testing+for+Binary+Endpoint#Scenarios-to-Test,600,0.025,5,1,"list(EP1 = rep(0.22, 5))","c(1, 1, 1, 1.5, 1.5)",NA,"c(0.4, 0.4, 0.1, 0.1)","matrix(c(0, 1, 0, 0, 0, 0, 1, 0, 0, 0, 0, 1, 0, 0, 0, 0), byrow = T, nrow = 4)",Bonf,25000,58
45,Scenario3: https://cytel1.atlassian.net/wiki/spaces/CIC/pages/4235821079/AdaptGMCP+-+Testing+for+Binary+Endpoint#Scenarios-to-Test,600,0.025,5,1,"list(EP1 = rep(0.22, 5))","c(1, 1, 1, 1.5, 1.5)",NA,"c(0.4, 0.4, 0.1, 0.1)","matrix(c(0, 1, 0, 0, 0, 0, 1, 0, 0, 0, 0, 1, 0, 0, 0, 0), byrow = T, nrow = 4)",Sidak,25000,59
46,Scenario3: https://cytel1.atlassian.net/wiki/spaces/CIC/pages/4235821079/AdaptGMCP+-+Testing+for+Binary+Endpoint#Scenarios-to-Test,600,0.025,5,1,"list(EP1 = rep(0.22, 5))","c(1, 1, 1, 1.5, 1.5)",NA,"c(0.4, 0.4, 0.1, 0.1)","matrix(c(0, 1, 0, 0, 0, 0, 1, 0, 0, 0, 0, 1, 0, 0, 0, 0), byrow = T, nrow = 4)",Dunnett,25000,61
47,Scenario3: https://cytel1.atlassian.net/wiki/spaces/CIC/pages/4235821079/AdaptGMCP+-+Testing+for+Binary+Endpoint#Scenarios-to-Test,600,0.025,5,1,"list(EP1 = rep(0.22, 5))","c(1, 1, 1, 1.5, 1.5)",NA,"rep(1/4, 4)","matrix(rep(0, 16), byrow = T, nrow = 4)",Sidak,25000,62
48,Scenario3: https://cytel1.atlassian.net/wiki/spaces/CIC/pages/4235821079/AdaptGMCP+-+Testing+for+Binary+Endpoint#Scenarios-to-Test,600,0.025,5,1,"list(EP1 = rep(0.22, 5))","c(1, 1, 1, 1.5, 1.5)",NA,"c(1, 0, 0, 0)","matrix(c(0, 1, 0, 0, 0, 0, 1, 0, 0, 0, 0, 1, 0, 0, 0, 0), byrow = T, nrow = 4)",Sidak,25000,64
49,Scenario3: https://cytel1.atlassian.net/wiki/spaces/CIC/pages/4235821079/AdaptGMCP+-+Testing+for+Binary+Endpoint#Scenarios-to-Test,600,0.025,5,1,"list(EP1 = rep(0.22, 5))","c(1, 1, 1, 1.5, 1.5)",NA,"c(0.4, 0.4, 0.1, 0.1)","matrix(c(0, 1, 0, 0, 0, 0, 1, 0, 0, 0, 0, 1, 0, 0, 0, 0), byrow = T, nrow = 4)",Dunnett,25000,65
50,Scenario4: https://cytel1.atlassian.net/wiki/spaces/CIC/pages/4235821079/AdaptGMCP+-+Testing+for+Binary+Endpoint#Scenarios-to-Test,500,0.025,5,1,"list(EP1 = c(0.1, 0.22, 0.22, 0.22, 0.22))","c(1, 1, 1, 1, 1)",NA,"rep(1/4, 4)","matrix(rep(0, 16), byrow = T, nrow = 4)",Bonf,25000,66
51,Scenario4: https://cytel1.atlassian.net/wiki/spaces/CIC/pages/4235821079/AdaptGMCP+-+Testing+for+Binary+Endpoint#Scenarios-to-Test,500,0.025,5,1,"list(EP1 = c(0.1, 0.22, 0.22, 0.22, 0.22))","c(1, 1, 1, 1, 1)",NA,"rep(1/4, 4)","matrix(rep(0, 16), byrow = T, nrow = 4)",Sidak,25000,67
52,Scenario4: https://cytel1.atlassian.net/wiki/spaces/CIC/pages/4235821079/AdaptGMCP+-+Testing+for+Binary+Endpoint#Scenarios-to-Test,500,0.025,5,1,"list(EP1 = c(0.1, 0.22, 0.22, 0.22, 0.22))","c(1, 1, 1, 1, 1)",NA,"rep(1/4, 4)","matrix(rep(0, 16), byrow = T, nrow = 4)",Dunnett,25000,69
53,Scenario4: https://cytel1.atlassian.net/wiki/spaces/CIC/pages/4235821079/AdaptGMCP+-+Testing+for+Binary+Endpoint#Scenarios-to-Test,500,0.025,5,1,"list(EP1 = c(0.1, 0.22, 0.22, 0.22, 0.22))","c(1, 1, 1, 1, 1)",NA,"rep(1/4, 4)","matrix(c(0, 1/3, 1/3, 1/3, 1/3, 0, 1/3, 1/3, 1/3, 1/3, 0, 1/3, 1/3, 1/3, 1/3, 0), byrow = T, nrow = 4)",Bonf,25000,70
54,Scenario4: https://cytel1.atlassian.net/wiki/spaces/CIC/pages/4235821079/AdaptGMCP+-+Testing+for+Binary+Endpoint#Scenarios-to-Test,500,0.025,5,1,"list(EP1 = c(0.1, 0.22, 0.22, 0.22, 0.22))","c(1, 1, 1, 1, 1)",NA,"rep(1/4, 4)","matrix(c(0, 1/3, 1/3, 1/3, 1/3, 0, 1/3, 1/3, 1/3, 1/3, 0, 1/3, 1/3, 1/3, 1/3, 0), byrow = T, nrow = 4)",Sidak,25000,71
55,Scenario4: https://cytel1.atlassian.net/wiki/spaces/CIC/pages/4235821079/AdaptGMCP+-+Testing+for+Binary+Endpoint#Scenarios-to-Test,500,0.025,5,1,"list(EP1 = c(0.1, 0.22, 0.22, 0.22, 0.22))","c(1, 1, 1, 1, 1)",NA,"rep(1/4, 4)","matrix(c(0, 1/3, 1/3, 1/3, 1/3, 0, 1/3, 1/3, 1/3, 1/3, 0, 1/3, 1/3, 1/3, 1/3, 0), byrow = T, nrow = 4)",Dunnett,25000,73
56,Scenario4: https://cytel1.atlassian.net/wiki/spaces/CIC/pages/4235821079/AdaptGMCP+-+Testing+for+Binary+Endpoint#Scenarios-to-Test,500,0.025,5,1,"list(EP1 = c(0.1, 0.22, 0.22, 0.22, 0.22))","c(1, 1, 1, 1, 1)",NA,"c(0.4, 0.3, 0.2, 0.1)","matrix(c(0, 1/3, 1/3, 1/3, 1/3, 0, 1/3, 1/3, 1/3, 1/3, 0, 1/3, 1/3, 1/3, 1/3, 0), byrow = T, nrow = 4)",Bonf,25000,74
57,Scenario4: https://cytel1.atlassian.net/wiki/spaces/CIC/pages/4235821079/AdaptGMCP+-+Testing+for+Binary+Endpoint#Scenarios-to-Test,500,0.025,5,1,"list(EP1 = c(0.1, 0.22, 0.22, 0.22, 0.22))","c(1, 1, 1, 1, 1)",NA,"c(0.4, 0.3, 0.2, 0.1)","matrix(c(0, 1/3, 1/3, 1/3, 1/3, 0, 1/3, 1/3, 1/3, 1/3, 0, 1/3, 1/3, 1/3, 1/3, 0), byrow = T, nrow = 4)",Sidak,25000,75
58,Scenario4: https://cytel1.atlassian.net/wiki/spaces/CIC/pages/4235821079/AdaptGMCP+-+Testing+for+Binary+Endpoint#Scenarios-to-Test,500,0.025,5,1,"list(EP1 = c(0.1, 0.22, 0.22, 0.22, 0.22))","c(1, 1, 1, 1, 1)",NA,"c(0.4, 0.3, 0.2, 0.1)","matrix(c(0, 1/3, 1/3, 1/3, 1/3, 0, 1/3, 1/3, 1/3, 1/3, 0, 1/3, 1/3, 1/3, 1/3, 0), byrow = T, nrow = 4)",Dunnett,25000,77
59,Scenario4: https://cytel1.atlassian.net/wiki/spaces/CIC/pages/4235821079/AdaptGMCP+-+Testing+for+Binary+Endpoint#Scenarios-to-Test,500,0.025,5,1,"list(EP1 = c(0.1, 0.22, 0.22, 0.22, 0.22))","c(1, 1, 1, 1, 1)",NA,"c(1, 0, 0, 0)","matrix(c(0, 1, 0, 0, 0, 0, 1, 0, 0, 0, 0, 1, 0, 0, 0, 0), byrow = T, nrow = 4)",Bonf,25000,78
60,Scenario4: https://cytel1.atlassian.net/wiki/spaces/CIC/pages/4235821079/AdaptGMCP+-+Testing+for+Binary+Endpoint#Scenarios-to-Test,500,0.025,5,1,"list(EP1 = c(0.1, 0.22, 0.22, 0.22, 0.22))","c(1, 1, 1, 1, 1)",NA,"c(1, 0, 0, 0)","matrix(c(0, 1, 0, 0, 0, 0, 1, 0, 0, 0, 0, 1, 0, 0, 0, 0), byrow = T, nrow = 4)",Sidak,25000,79
61,Scenario4: https://cytel1.atlassian.net/wiki/spaces/CIC/pages/4235821079/AdaptGMCP+-+Testing+for+Binary+Endpoint#Scenarios-to-Test,500,0.025,5,1,"list(EP1 = c(0.1, 0.22, 0.22, 0.22, 0.22))","c(1, 1, 1, 1, 1)",NA,"c(1, 0, 0, 0)","matrix(c(0, 1, 0, 0, 0, 0, 1, 0, 0, 0, 0, 1, 0, 0, 0, 0), byrow = T, nrow = 4)",Dunnett,25000,81
62,Scenario4: https://cytel1.atlassian.net/wiki/spaces/CIC/pages/4235821079/AdaptGMCP+-+Testing+for+Binary+Endpoint#Scenarios-to-Test,500,0.025,5,1,"list(EP1 = c(0.1, 0.22, 0.22, 0.22, 0.22))","c(1, 1, 1, 1, 1)",NA,"c(0.4, 0.4, 0.1, 0.1)","matrix(c(0, 1, 0, 0, 0, 0, 1, 0, 0, 0, 0, 1, 0, 0, 0, 0), byrow = T, nrow = 4)",Bonf,25000,82
63,Scenario4: https://cytel1.atlassian.net/wiki/spaces/CIC/pages/4235821079/AdaptGMCP+-+Testing+for+Binary+Endpoint#Scenarios-to-Test,500,0.025,5,1,"list(EP1 = c(0.1, 0.22, 0.22, 0.22, 0.22))","c(1, 1, 1, 1, 1)",NA,"c(0.4, 0.4, 0.1, 0.1)","matrix(c(0, 1, 0, 0, 0, 0, 1, 0, 0, 0, 0, 1, 0, 0, 0, 0), byrow = T, nrow = 4)",Sidak,25000,83
64,Scenario4: https://cytel1.atlassian.net/wiki/spaces/CIC/pages/4235821079/AdaptGMCP+-+Testing+for+Binary+Endpoint#Scenarios-to-Test,500,0.025,5,1,"list(EP1 = c(0.1, 0.22, 0.22, 0.22, 0.22))","c(1, 1, 1, 1, 1)",NA,"c(0.4, 0.4, 0.1, 0.1)","matrix(c(0, 1, 0, 0, 0, 0, 1, 0, 0, 0, 0, 1, 0, 0, 0, 0), byrow = T, nrow = 4)",Dunnett,25000,85
65,Scenario4: https://cytel1.atlassian.net/wiki/spaces/CIC/pages/4235821079/AdaptGMCP+-+Testing+for+Binary+Endpoint#Scenarios-to-Test,500,0.025,5,1,"list(EP1 = c(0.1, 0.22, 0.22, 0.22, 0.22))","c(1, 1, 1, 1, 1)",NA,"c(0.4, 0.3, 0.2, 0.1)","matrix(c(0, 1/3, 1/3, 1/3, 1/3, 0, 1/3, 1/3, 1/3, 1/3, 0, 1/3, 1/3, 1/3, 1/3, 0), byrow = T, nrow = 4)",Bonf,25000,87
66,Scenario5: https://cytel1.atlassian.net/wiki/spaces/CIC/pages/4235821079/AdaptGMCP+-+Testing+for+Binary+Endpoint#Scenarios-to-Test,600,0.025,5,1,"list(EP1 = c(0.1, 0.22, 0.22, 0.22, 0.22))","c(1, 1, 1, 1.5, 1.5)",NA,"rep(1/4, 4)","matrix(rep(0, 16), byrow = T, nrow = 4)",Bonf,25000,89
67,Scenario5: https://cytel1.atlassian.net/wiki/spaces/CIC/pages/4235821079/AdaptGMCP+-+Testing+for+Binary+Endpoint#Scenarios-to-Test,600,0.025,5,1,"list(EP1 = c(0.1, 0.22, 0.22, 0.22, 0.22))","c(1, 1, 1, 1.5, 1.5)",NA,"rep(1/4, 4)","matrix(rep(0, 16), byrow = T, nrow = 4)",Sidak,25000,90
68,Scenario5: https://cytel1.atlassian.net/wiki/spaces/CIC/pages/4235821079/AdaptGMCP+-+Testing+for+Binary+Endpoint#Scenarios-to-Test,600,0.025,5,1,"list(EP1 = c(0.1, 0.22, 0.22, 0.22, 0.22))","c(1, 1, 1, 1.5, 1.5)",NA,"rep(1/4, 4)","matrix(rep(0, 16), byrow = T, nrow = 4)",Dunnett,25000,92
69,Scenario5: https://cytel1.atlassian.net/wiki/spaces/CIC/pages/4235821079/AdaptGMCP+-+Testing+for+Binary+Endpoint#Scenarios-to-Test,600,0.025,5,1,"list(EP1 = c(0.1, 0.22, 0.22, 0.22, 0.22))","c(1, 1, 1, 1.5, 1.5)",NA,"rep(1/4, 4)","matrix(c(0, 1/3, 1/3, 1/3, 1/3, 0, 1/3, 1/3, 1/3, 1/3, 0, 1/3, 1/3, 1/3, 1/3, 0), byrow = T, nrow = 4)",Bonf,25000,93
70,Scenario5: https://cytel1.atlassian.net/wiki/spaces/CIC/pages/4235821079/AdaptGMCP+-+Testing+for+Binary+Endpoint#Scenarios-to-Test,600,0.025,5,1,"list(EP1 = c(0.1, 0.22, 0.22, 0.22, 0.22))","c(1, 1, 1, 1.5, 1.5)",NA,"rep(1/4, 4)","matrix(c(0, 1/3, 1/3, 1/3, 1/3, 0, 1/3, 1/3, 1/3, 1/3, 0, 1/3, 1/3, 1/3, 1/3, 0), byrow = T, nrow = 4)",Sidak,25000,94
71,Scenario5: https://cytel1.atlassian.net/wiki/spaces/CIC/pages/4235821079/AdaptGMCP+-+Testing+for+Binary+Endpoint#Scenarios-to-Test,600,0.025,5,1,"list(EP1 = c(0.1, 0.22, 0.22, 0.22, 0.22))","c(1, 1, 1, 1.5, 1.5)",NA,"rep(1/4, 4)","matrix(c(0, 1/3, 1/3, 1/3, 1/3, 0, 1/3, 1/3, 1/3, 1/3, 0, 1/3, 1/3, 1/3, 1/3, 0), byrow = T, nrow = 4)",Dunnett,25000,96
72,Scenario5: https://cytel1.atlassian.net/wiki/spaces/CIC/pages/4235821079/AdaptGMCP+-+Testing+for+Binary+Endpoint#Scenarios-to-Test,600,0.025,5,1,"list(EP1 = c(0.1, 0.22, 0.22, 0.22, 0.22))","c(1, 1, 1, 1.5, 1.5)",NA,"c(0.4, 0.3, 0.2, 0.1)","matrix(c(0, 1/3, 1/3, 1/3, 1/3, 0, 1/3, 1/3, 1/3, 1/3, 0, 1/3, 1/3, 1/3, 1/3, 0), byrow = T, nrow = 4)",Bonf,25000,97
73,Scenario5: https://cytel1.atlassian.net/wiki/spaces/CIC/pages/4235821079/AdaptGMCP+-+Testing+for+Binary+Endpoint#Scenarios-to-Test,600,0.025,5,1,"list(EP1 = c(0.1, 0.22, 0.22, 0.22, 0.22))","c(1, 1, 1, 1.5, 1.5)",NA,"c(0.4, 0.3, 0.2, 0.1)","matrix(c(0, 1/3, 1/3, 1/3, 1/3, 0, 1/3, 1/3, 1/3, 1/3, 0, 1/3, 1/3, 1/3, 1/3, 0), byrow = T, nrow = 4)",Sidak,25000,98
74,Scenario5: https://cytel1.atlassian.net/wiki/spaces/CIC/pages/4235821079/AdaptGMCP+-+Testing+for+Binary+Endpoint#Scenarios-to-Test,600,0.025,5,1,"list(EP1 = c(0.1, 0.22, 0.22, 0.22, 0.22))","c(1, 1, 1, 1.5, 1.5)",NA,"c(0.4, 0.3, 0.2, 0.1)","matrix(c(0, 1/3, 1/3, 1/3, 1/3, 0, 1/3, 1/3, 1/3, 1/3, 0, 1/3, 1/3, 1/3, 1/3, 0), byrow = T, nrow = 4)",Dunnett,25000,100
75,Scenario5: https://cytel1.atlassian.net/wiki/spaces/CIC/pages/4235821079/AdaptGMCP+-+Testing+for+Binary+Endpoint#Scenarios-to-Test,600,0.025,5,1,"list(EP1 = c(0.1, 0.22, 0.22, 0.22, 0.22))","c(1, 1, 1, 1.5, 1.5)",NA,"c(1, 0, 0, 0)","matrix(c(0, 1, 0, 0, 0, 0, 1, 0, 0, 0, 0, 1, 0, 0, 0, 0), byrow = T, nrow = 4)",Bonf,25000,101
76,Scenario5: https://cytel1.atlassian.net/wiki/spaces/CIC/pages/4235821079/AdaptGMCP+-+Testing+for+Binary+Endpoint#Scenarios-to-Test,600,0.025,5,1,"list(EP1 = c(0.1, 0.22, 0.22, 0.22, 0.22))","c(1, 1, 1, 1.5, 1.5)",NA,"c(1, 0, 0, 0)","matrix(c(0, 1, 0, 0, 0, 0, 1, 0, 0, 0, 0, 1, 0, 0, 0, 0), byrow = T, nrow = 4)",Sidak,25000,102
77,Scenario5: https://cytel1.atlassian.net/wiki/spaces/CIC/pages/4235821079/AdaptGMCP+-+Testing+for+Binary+Endpoint#Scenarios-to-Test,600,0.025,5,1,"list(EP1 = c(0.1, 0.22, 0.22, 0.22, 0.22))","c(1, 1, 1, 1.5, 1.5)",NA,"c(1, 0, 0, 0)","matrix(c(0, 1, 0, 0, 0, 0, 1, 0, 0, 0, 0, 1, 0, 0, 0, 0), byrow = T, nrow = 4)",Dunnett,25000,104
78,Scenario5: https://cytel1.atlassian.net/wiki/spaces/CIC/pages/4235821079/AdaptGMCP+-+Testing+for+Binary+Endpoint#Scenarios-to-Test,600,0.025,5,1,"list(EP1 = c(0.1, 0.22, 0.22, 0.22, 0.22))","c(1, 1, 1, 1.5, 1.5)",NA,"c(0.4, 0.4, 0.1, 0.1)","matrix(c(0, 1, 0, 0, 0, 0, 1, 0, 0, 0, 0, 1, 0, 0, 0, 0), byrow = T, nrow = 4)",Bonf,25000,105
79,Scenario5: https://cytel1.atlassian.net/wiki/spaces/CIC/pages/4235821079/AdaptGMCP+-+Testing+for+Binary+Endpoint#Scenarios-to-Test,600,0.025,5,1,"list(EP1 = c(0.1, 0.22, 0.22, 0.22, 0.22))","c(1, 1, 1, 1.5, 1.5)",NA,"c(0.4, 0.4, 0.1, 0.1)","matrix(c(0, 1, 0, 0, 0, 0, 1, 0, 0, 0, 0, 1, 0, 0, 0, 0), byrow = T, nrow = 4)",Sidak,25000,106
80,Scenario5: https://cytel1.atlassian.net/wiki/spaces/CIC/pages/4235821079/AdaptGMCP+-+Testing+for+Binary+Endpoint#Scenarios-to-Test,600,0.025,5,1,"list(EP1 = c(0.1, 0.22, 0.22, 0.22, 0.22))","c(1, 1, 1, 1.5, 1.5)",NA,"c(0.4, 0.4, 0.1, 0.1)","matrix(c(0, 1, 0, 0, 0, 0, 1, 0, 0, 0, 0, 1, 0, 0, 0, 0), byrow = T, nrow = 4)",Dunnett,25000,108
81,Scenario5: https://cytel1.atlassian.net/wiki/spaces/CIC/pages/4235821079/AdaptGMCP+-+Testing+for+Binary+Endpoint#Scenarios-to-Test,600,0.025,5,1,"list(EP1 = c(0.1, 0.22, 0.22, 0.22, 0.22))","c(1, 1, 1, 1.5, 1.5)",NA,"rep(1/4, 4)","matrix(rep(0, 16), byrow = T, nrow = 4)",Dunnett,25000,109
82,Scenario6: https://cytel1.atlassian.net/wiki/spaces/CIC/pages/4235821079/AdaptGMCP+-+Testing+for+Binary+Endpoint#Scenarios-to-Test,450,0.025,3,2,"list(EP1 = c(0.22, 0.22, 0.22), EP2 = c(0.22, 0.22, 0.22))","c(1, 1, 1)","matrix(c(1, 0.5, 0.5, 1), byrow = T, nrow = 2)","c(0.5, 0.5, 0, 0)","matrix(c(0, 1/2, 1/2, 0, 1/2, 0, 0, 1/2, 0, 1, 0, 0, 1, 0, 0, 0), byrow = T, nrow = 4)",Bonf,25000,110
83,Scenario6: https://cytel1.atlassian.net/wiki/spaces/CIC/pages/4235821079/AdaptGMCP+-+Testing+for+Binary+Endpoint#Scenarios-to-Test,450,0.025,3,2,"list(EP1 = c(0.22, 0.22, 0.22), EP2 = c(0.22, 0.22, 0.22))","c(1, 1, 1)","matrix(c(1, 0.5, 0.5, 1), byrow = T, nrow = 2)","c(0.5, 0.5, 0, 0)","matrix(c(0, 1/2, 1/2, 0, 1/2, 0, 0, 1/2, 0, 1, 0, 0, 1, 0, 0, 0), byrow = T, nrow = 4)",Sidak,25000,111
84,Scenario6: https://cytel1.atlassian.net/wiki/spaces/CIC/pages/4235821079/AdaptGMCP+-+Testing+for+Binary+Endpoint#Scenarios-to-Test,450,0.025,3,2,"list(EP1 = c(0.22, 0.22, 0.22), EP2 = c(0.22, 0.22, 0.22))","c(1, 1, 1)","matrix(c(1, 0.5, 0.5, 1), byrow = T, nrow = 2)","c(0.5, 0.5, 0, 0)","matrix(c(0, 1/2, 1/2, 0, 1/2, 0, 0, 1/2, 0, 1, 0, 0, 1, 0, 0, 0), byrow = T, nrow = 4)",Dunnett,25000,113
85,Scenario6: https://cytel1.atlassian.net/wiki/spaces/CIC/pages/4235821079/AdaptGMCP+-+Testing+for+Binary+Endpoint#Scenarios-to-Test,450,0.025,3,2,"list(EP1 = c(0.22, 0.22, 0.22), EP2 = c(0.22, 0.22, 0.22))","c(1, 1, 1)","matrix(c(1, 0.5, 0.5, 1), byrow = T, nrow = 2)","c(0.5, 0.5, 0, 0)","matrix(c(0, 1/2, 1/2, 0, 1/2, 0, 0, 1/2, 0, 1, 0, 0, 1, 0, 0, 0), byrow = T, nrow = 4)",Partly-Parametric,25000,114
86,Scenario6: https://cytel1.atlassian.net/wiki/spaces/CIC/pages/4235821079/AdaptGMCP+-+Testing+for+Binary+Endpoint#Scenarios-to-Test,450,0.025,3,2,"list(EP1 = c(0.22, 0.22, 0.22), EP2 = c(0.22, 0.22, 0.22))","c(1, 1, 1)","matrix(c(1, 0.5, 0.5, 1), byrow = T, nrow = 2)","rep(1/4, 4)","matrix(c(0, 1/3, 1/3, 1/3, 1/3, 0, 1/3, 1/3, 1/3, 1/3, 0, 1/3, 1/3, 1/3, 1/3, 0), byrow = T, nrow = 4)",Bonf,25000,115
87,Scenario6: https://cytel1.atlassian.net/wiki/spaces/CIC/pages/4235821079/AdaptGMCP+-+Testing+for+Binary+Endpoint#Scenarios-to-Test,450,0.025,3,2,"list(EP1 = c(0.22, 0.22, 0.22), EP2 = c(0.22, 0.22, 0.22))","c(1, 1, 1)","matrix(c(1, 0.5, 0.5, 1), byrow = T, nrow = 2)","rep(1/4, 4)","matrix(c(0, 1/3, 1/3, 1/3, 1/3, 0, 1/3, 1/3, 1/3, 1/3, 0, 1/3, 1/3, 1/3, 1/3, 0), byrow = T, nrow = 4)",Sidak,25000,116
88,Scenario6: https://cytel1.atlassian.net/wiki/spaces/CIC/pages/4235821079/AdaptGMCP+-+Testing+for+Binary+Endpoint#Scenarios-to-Test,450,0.025,3,2,"list(EP1 = c(0.22, 0.22, 0.22), EP2 = c(0.22, 0.22, 0.22))","c(1, 1, 1)","matrix(c(1, 0.5, 0.5, 1), byrow = T, nrow = 2)","rep(1/4, 4)","matrix(c(0, 1/3, 1/3, 1/3, 1/3, 0, 1/3, 1/3, 1/3, 1/3, 0, 1/3, 1/3, 1/3, 1/3, 0), byrow = T, nrow = 4)",Dunnett,25000,118
89,Scenario6: https://cytel1.atlassian.net/wiki/spaces/CIC/pages/4235821079/AdaptGMCP+-+Testing+for+Binary+Endpoint#Scenarios-to-Test,450,0.025,3,2,"list(EP1 = c(0.22, 0.22, 0.22), EP2 = c(0.22, 0.22, 0.22))","c(1, 1, 1)","matrix(c(1, 0.5, 0.5, 1), byrow = T, nrow = 2)","rep(1/4, 4)","matrix(c(0, 1/3, 1/3, 1/3, 1/3, 0, 1/3, 1/3, 1/3, 1/3, 0, 1/3, 1/3, 1/3, 1/3, 0), byrow = T, nrow = 4)",Partly-Parametric,25000,119
90,Scenario6: https://cytel1.atlassian.net/wiki/spaces/CIC/pages/4235821079/AdaptGMCP+-+Testing+for+Binary+Endpoint#Scenarios-to-Test,450,0.025,3,2,"list(EP1 = c(0.22, 0.22, 0.22), EP2 = c(0.22, 0.22, 0.22))","c(1, 1, 1)","matrix(c(1, 0.5, 0.5, 1), byrow = T, nrow = 2)","c(1, 0, 0, 0)","matrix(c(0, 1, 0, 0, 0, 0, 1, 0, 0, 0, 0, 1, 0, 0, 0, 0), byrow = T, nrow = 4)",Bonf,25000,120
91,Scenario6: https://cytel1.atlassian.net/wiki/spaces/CIC/pages/4235821079/AdaptGMCP+-+Testing+for+Binary+Endpoint#Scenarios-to-Test,450,0.025,3,2,"list(EP1 = c(0.22, 0.22, 0.22), EP2 = c(0.22, 0.22, 0.22))","c(1, 1, 1)","matrix(c(1, 0.5, 0.5, 1), byrow = T, nrow = 2)","c(1, 0, 0, 0)","matrix(c(0, 1, 0, 0, 0, 0, 1, 0, 0, 0, 0, 1, 0, 0, 0, 0), byrow = T, nrow = 4)",Sidak,25000,121
92,Scenario6: https://cytel1.atlassian.net/wiki/spaces/CIC/pages/4235821079/AdaptGMCP+-+Testing+for+Binary+Endpoint#Scenarios-to-Test,450,0.025,3,2,"list(EP1 = c(0.22, 0.22, 0.22), EP2 = c(0.22, 0.22, 0.22))","c(1, 1, 1)","matrix(c(1, 0.5, 0.5, 1), byrow = T, nrow = 2)","c(1, 0, 0, 0)","matrix(c(0, 1, 0, 0, 0, 0, 1, 0, 0, 0, 0, 1, 0, 0, 0, 0), byrow = T, nrow = 4)",Dunnett,25000,123
93,Scenario6: https://cytel1.atlassian.net/wiki/spaces/CIC/pages/4235821079/AdaptGMCP+-+Testing+for+Binary+Endpoint#Scenarios-to-Test,450,0.025,3,2,"list(EP1 = c(0.22, 0.22, 0.22), EP2 = c(0.22, 0.22, 0.22))","c(1, 1, 1)","matrix(c(1, 0.5, 0.5, 1), byrow = T, nrow = 2)","c(1, 0, 0, 0)","matrix(c(0, 1, 0, 0, 0, 0, 1, 0, 0, 0, 0, 1, 0, 0, 0, 0), byrow = T, nrow = 4)",Partly-Parametric,25000,124
94,Scenario6: https://cytel1.atlassian.net/wiki/spaces/CIC/pages/4235821079/AdaptGMCP+-+Testing+for+Binary+Endpoint#Scenarios-to-Test,450,0.025,3,2,"list(EP1 = c(0.22, 0.22, 0.22), EP2 = c(0.22, 0.22, 0.22))","c(1, 1, 1)","matrix(c(1, 0.5, 0.5, 1), byrow = T, nrow = 2)","c(0.5, 0.5, 0, 0)","matrix(c(0, 1, 0, 0, 1-1e-4, 0, 0.8*1e-4, 0.2*1e-4, 0, 0, 0, 1, 0, 0, 1, 0), byrow = T, nrow = 4)",Bonf,25000,125
95,Scenario6: https://cytel1.atlassian.net/wiki/spaces/CIC/pages/4235821079/AdaptGMCP+-+Testing+for+Binary+Endpoint#Scenarios-to-Test,450,0.025,3,2,"list(EP1 = c(0.22, 0.22, 0.22), EP2 = c(0.22, 0.22, 0.22))","c(1, 1, 1)","matrix(c(1, 0.5, 0.5, 1), byrow = T, nrow = 2)","c(0.5, 0.5, 0, 0)","matrix(c(0, 1, 0, 0, 1-1e-4, 0, 0.8*1e-4, 0.2*1e-4, 0, 0, 0, 1, 0, 0, 1, 0), byrow = T, nrow = 4)",Sidak,25000,126
96,Scenario6: https://cytel1.atlassian.net/wiki/spaces/CIC/pages/4235821079/AdaptGMCP+-+Testing+for+Binary+Endpoint#Scenarios-to-Test,450,0.025,3,2,"list(EP1 = c(0.22, 0.22, 0.22), EP2 = c(0.22, 0.22, 0.22))","c(1, 1, 1)","matrix(c(1, 0.5, 0.5, 1), byrow = T, nrow = 2)","c(0.5, 0.5, 0, 0)","matrix(c(0, 1, 0, 0, 1-1e-4, 0, 0.8*1e-4, 0.2*1e-4, 0, 0, 0, 1, 0, 0, 1, 0), byrow = T, nrow = 4)",Dunnett,25000,128
97,Scenario6: https://cytel1.atlassian.net/wiki/spaces/CIC/pages/4235821079/AdaptGMCP+-+Testing+for+Binary+Endpoint#Scenarios-to-Test,450,0.025,3,2,"list(EP1 = c(0.22, 0.22, 0.22), EP2 = c(0.22, 0.22, 0.22))","c(1, 1, 1)","matrix(c(1, 0.5, 0.5, 1), byrow = T, nrow = 2)","c(0.5, 0.5, 0, 0)","matrix(c(0, 1, 0, 0, 1-1e-4, 0, 0.8*1e-4, 0.2*1e-4, 0, 0, 0, 1, 0, 0, 1, 0), byrow = T, nrow = 4)",Partly-Parametric,25000,129
98,Scenario6: https://cytel1.atlassian.net/wiki/spaces/CIC/pages/4235821079/AdaptGMCP+-+Testing+for+Binary+Endpoint#Scenarios-to-Test,450,0.025,3,2,"list(EP1 = c(0.22, 0.22, 0.22), EP2 = c(0.22, 0.22, 0.22))","c(1, 1, 1)","matrix(c(1, 0.5, 0.5, 1), byrow = T, nrow = 2)","rep(1/4, 4)","matrix(c(0, 1/3, 1/3, 1/3, 1/3, 0, 1/3, 1/3, 1/3, 1/3, 0, 1/3, 1/3, 1/3, 1/3, 0), byrow = T, nrow = 4)",Sidak,25000,130
99,Scenario6: https://cytel1.atlassian.net/wiki/spaces/CIC/pages/4235821079/AdaptGMCP+-+Testing+for+Binary+Endpoint#Scenarios-to-Test,450,0.025,3,2,"list(EP1 = c(0.22, 0.22, 0.22), EP2 = c(0.22, 0.22, 0.22))","c(1, 1, 1)","matrix(c(1, 0.5, 0.5, 1), byrow = T, nrow = 2)","c(1, 0, 0, 0)","matrix(c(0, 1, 0, 0, 0, 0, 1, 0, 0, 0, 0, 1, 0, 0, 0, 0), byrow = T, nrow = 4)",Bonf,25000,131
100,Scenario6: https://cytel1.atlassian.net/wiki/spaces/CIC/pages/4235821079/AdaptGMCP+-+Testing+for+Binary+Endpoint#Scenarios-to-Test,450,0.025,3,2,"list(EP1 = c(0.22, 0.22, 0.22), EP2 = c(0.22, 0.22, 0.22))","c(1, 1, 1)","matrix(c(1, 0.5, 0.5, 1), byrow = T, nrow = 2)","c(1, 0, 0, 0)","matrix(c(0, 1, 0, 0, 0, 0, 1, 0, 0, 0, 0, 1, 0, 0, 0, 0), byrow = T, nrow = 4)",Sidak,25000,132
101,Scenario7: https://cytel1.atlassian.net/wiki/spaces/CIC/pages/4235821079/AdaptGMCP+-+Testing+for+Binary+Endpoint#Scenarios-to-Test,450,0.025,3,2,"list(EP1 = c(0.1, 0.22, 0.22), EP2 = c(0.1, 0.22, 0.1))","c(1, 1, 1)","matrix(c(1, 0.5, 0.5, 1), byrow = T, nrow = 2)","c(0.5, 0.5, 0, 0)","matrix(c(0, 1/2, 1/2, 0, 1/2, 0, 0, 1/2, 0, 1, 0, 0, 1, 0, 0, 0), byrow = T, nrow = 4)",Bonf,25000,133
102,Scenario7: https://cytel1.atlassian.net/wiki/spaces/CIC/pages/4235821079/AdaptGMCP+-+Testing+for+Binary+Endpoint#Scenarios-to-Test,450,0.025,3,2,"list(EP1 = c(0.1, 0.22, 0.22), EP2 = c(0.1, 0.22, 0.1))","c(1, 1, 1)","matrix(c(1, 0.5, 0.5, 1), byrow = T, nrow = 2)","c(0.5, 0.5, 0, 0)","matrix(c(0, 1/2, 1/2, 0, 1/2, 0, 0, 1/2, 0, 1, 0, 0, 1, 0, 0, 0), byrow = T, nrow = 4)",Sidak,25000,134
103,Scenario7: https://cytel1.atlassian.net/wiki/spaces/CIC/pages/4235821079/AdaptGMCP+-+Testing+for+Binary+Endpoint#Scenarios-to-Test,450,0.025,3,2,"list(EP1 = c(0.1, 0.22, 0.22), EP2 = c(0.1, 0.22, 0.1))","c(1, 1, 1)","matrix(c(1, 0.5, 0.5, 1), byrow = T, nrow = 2)","c(0.5, 0.5, 0, 0)","matrix(c(0, 1/2, 1/2, 0, 1/2, 0, 0, 1/2, 0, 1, 0, 0, 1, 0, 0, 0), byrow = T, nrow = 4)",Dunnett,25000,136
104,Scenario7: https://cytel1.atlassian.net/wiki/spaces/CIC/pages/4235821079/AdaptGMCP+-+Testing+for+Binary+Endpoint#Scenarios-to-Test,450,0.025,3,2,"list(EP1 = c(0.1, 0.22, 0.22), EP2 = c(0.1, 0.22, 0.1))","c(1, 1, 1)","matrix(c(1, 0.5, 0.5, 1), byrow = T, nrow = 2)","c(0.5, 0.5, 0, 0)","matrix(c(0, 1/2, 1/2, 0, 1/2, 0, 0, 1/2, 0, 1, 0, 0, 1, 0, 0, 0), byrow = T, nrow = 4)",Partly-Parametric,25000,137
105,Scenario7: https://cytel1.atlassian.net/wiki/spaces/CIC/pages/4235821079/AdaptGMCP+-+Testing+for+Binary+Endpoint#Scenarios-to-Test,450,0.025,3,2,"list(EP1 = c(0.1, 0.22, 0.22), EP2 = c(0.1, 0.22, 0.1))","c(1, 1, 1)","matrix(c(1, 0.5, 0.5, 1), byrow = T, nrow = 2)","rep(1/4, 4)","matrix(c(0, 1/3, 1/3, 1/3, 1/3, 0, 1/3, 1/3, 1/3, 1/3, 0, 1/3, 1/3, 1/3, 1/3, 0), byrow = T, nrow = 4)",Bonf,25000,138
106,Scenario7: https://cytel1.atlassian.net/wiki/spaces/CIC/pages/4235821079/AdaptGMCP+-+Testing+for+Binary+Endpoint#Scenarios-to-Test,450,0.025,3,2,"list(EP1 = c(0.1, 0.22, 0.22), EP2 = c(0.1, 0.22, 0.1))","c(1, 1, 1)","matrix(c(1, 0.5, 0.5, 1), byrow = T, nrow = 2)","rep(1/4, 4)","matrix(c(0, 1/3, 1/3, 1/3, 1/3, 0, 1/3, 1/3, 1/3, 1/3, 0, 1/3, 1/3, 1/3, 1/3, 0), byrow = T, nrow = 4)",Sidak,25000,139
107,Scenario7: https://cytel1.atlassian.net/wiki/spaces/CIC/pages/4235821079/AdaptGMCP+-+Testing+for+Binary+Endpoint#Scenarios-to-Test,450,0.025,3,2,"list(EP1 = c(0.1, 0.22, 0.22), EP2 = c(0.1, 0.22, 0.1))","c(1, 1, 1)","matrix(c(1, 0.5, 0.5, 1), byrow = T, nrow = 2)","rep(1/4, 4)","matrix(c(0, 1/3, 1/3, 1/3, 1/3, 0, 1/3, 1/3, 1/3, 1/3, 0, 1/3, 1/3, 1/3, 1/3, 0), byrow = T, nrow = 4)",Dunnett,25000,141
108,Scenario7: https://cytel1.atlassian.net/wiki/spaces/CIC/pages/4235821079/AdaptGMCP+-+Testing+for+Binary+Endpoint#Scenarios-to-Test,450,0.025,3,2,"list(EP1 = c(0.1, 0.22, 0.22), EP2 = c(0.1, 0.22, 0.1))","c(1, 1, 1)","matrix(c(1, 0.5, 0.5, 1), byrow = T, nrow = 2)","rep(1/4, 4)","matrix(c(0, 1/3, 1/3, 1/3, 1/3, 0, 1/3, 1/3, 1/3, 1/3, 0, 1/3, 1/3, 1/3, 1/3, 0), byrow = T, nrow = 4)",Partly-Parametric,25000,142
109,Scenario7: https://cytel1.atlassian.net/wiki/spaces/CIC/pages/4235821079/AdaptGMCP+-+Testing+for+Binary+Endpoint#Scenarios-to-Test,450,0.025,3,2,"list(EP1 = c(0.1, 0.22, 0.22), EP2 = c(0.1, 0.22, 0.1))","c(1, 1, 1)","matrix(c(1, 0.5, 0.5, 1), byrow = T, nrow = 2)","c(1, 0, 0, 0)","matrix(c(0, 1, 0, 0, 0, 0, 1, 0, 0, 0, 0, 1, 0, 0, 0, 0), byrow = T, nrow = 4)",Bonf,25000,143
110,Scenario7: https://cytel1.atlassian.net/wiki/spaces/CIC/pages/4235821079/AdaptGMCP+-+Testing+for+Binary+Endpoint#Scenarios-to-Test,450,0.025,3,2,"list(EP1 = c(0.1, 0.22, 0.22), EP2 = c(0.1, 0.22, 0.1))","c(1, 1, 1)","matrix(c(1, 0.5, 0.5, 1), byrow = T, nrow = 2)","c(1, 0, 0, 0)","matrix(c(0, 1, 0, 0, 0, 0, 1, 0, 0, 0, 0, 1, 0, 0, 0, 0), byrow = T, nrow = 4)",Sidak,25000,144
111,Scenario7: https://cytel1.atlassian.net/wiki/spaces/CIC/pages/4235821079/AdaptGMCP+-+Testing+for+Binary+Endpoint#Scenarios-to-Test,450,0.025,3,2,"list(EP1 = c(0.1, 0.22, 0.22), EP2 = c(0.1, 0.22, 0.1))","c(1, 1, 1)","matrix(c(1, 0.5, 0.5, 1), byrow = T, nrow = 2)","c(1, 0, 0, 0)","matrix(c(0, 1, 0, 0, 0, 0, 1, 0, 0, 0, 0, 1, 0, 0, 0, 0), byrow = T, nrow = 4)",Dunnett,25000,146
112,Scenario7: https://cytel1.atlassian.net/wiki/spaces/CIC/pages/4235821079/AdaptGMCP+-+Testing+for+Binary+Endpoint#Scenarios-to-Test,450,0.025,3,2,"list(EP1 = c(0.1, 0.22, 0.22), EP2 = c(0.1, 0.22, 0.1))","c(1, 1, 1)","matrix(c(1, 0.5, 0.5, 1), byrow = T, nrow = 2)","c(1, 0, 0, 0)","matrix(c(0, 1, 0, 0, 0, 0, 1, 0, 0, 0, 0, 1, 0, 0, 0, 0), byrow = T, nrow = 4)",Partly-Parametric,25000,147
113,Scenario7: https://cytel1.atlassian.net/wiki/spaces/CIC/pages/4235821079/AdaptGMCP+-+Testing+for+Binary+Endpoint#Scenarios-to-Test,450,0.025,3,2,"list(EP1 = c(0.1, 0.22, 0.22), EP2 = c(0.1, 0.22, 0.1))","c(1, 1, 1)","matrix(c(1, 0.5, 0.5, 1), byrow = T, nrow = 2)","c(0.5, 0.5, 0, 0)","matrix(c(0, 1, 0, 0, 1-1e-4, 0, 0.8*1e-4, 0.2*1e-4, 0, 0, 0, 1, 0, 0, 1, 0), byrow = T, nrow = 4)",Bonf,25000,148
114,Scenario7: https://cytel1.atlassian.net/wiki/spaces/CIC/pages/4235821079/AdaptGMCP+-+Testing+for+Binary+Endpoint#Scenarios-to-Test,450,0.025,3,2,"list(EP1 = c(0.1, 0.22, 0.22), EP2 = c(0.1, 0.22, 0.1))","c(1, 1, 1)","matrix(c(1, 0.5, 0.5, 1), byrow = T, nrow = 2)","c(0.5, 0.5, 0, 0)","matrix(c(0, 1, 0, 0, 1-1e-4, 0, 0.8*1e-4, 0.2*1e-4, 0, 0, 0, 1, 0, 0, 1, 0), byrow = T, nrow = 4)",Sidak,25000,149
115,Scenario7: https://cytel1.atlassian.net/wiki/spaces/CIC/pages/4235821079/AdaptGMCP+-+Testing+for+Binary+Endpoint#Scenarios-to-Test,450,0.025,3,2,"list(EP1 = c(0.1, 0.22, 0.22), EP2 = c(0.1, 0.22, 0.1))","c(1, 1, 1)","matrix(c(1, 0.5, 0.5, 1), byrow = T, nrow = 2)","c(0.5, 0.5, 0, 0)","matrix(c(0, 1, 0, 0, 1-1e-4, 0, 0.8*1e-4, 0.2*1e-4, 0, 0, 0, 1, 0, 0, 1, 0), byrow = T, nrow = 4)",Dunnett,25000,151
116,Scenario7: https://cytel1.atlassian.net/wiki/spaces/CIC/pages/4235821079/AdaptGMCP+-+Testing+for+Binary+Endpoint#Scenarios-to-Test,450,0.025,3,2,"list(EP1 = c(0.1, 0.22, 0.22), EP2 = c(0.1, 0.22, 0.1))","c(1, 1, 1)","matrix(c(1, 0.5, 0.5, 1), byrow = T, nrow = 2)","c(0.5, 0.5, 0, 0)","matrix(c(0, 1, 0, 0, 1-1e-4, 0, 0.8*1e-4, 0.2*1e-4, 0, 0, 0, 1, 0, 0, 1, 0), byrow = T, nrow = 4)",Partly-Parametric,25000,152
117,Scenario7: https://cytel1.atlassian.net/wiki/spaces/CIC/pages/4235821079/AdaptGMCP+-+Testing+for+Binary+Endpoint#Scenarios-to-Test,450,0.025,3,2,"list(EP1 = c(0.1, 0.22, 0.22), EP2 = c(0.1, 0.22, 0.1))","c(1, 1, 1)","matrix(c(1, 0.5, 0.5, 1), byrow = T, nrow = 2)","rep(1/4, 4)","matrix(c(0, 1/3, 1/3, 1/3, 1/3, 0, 1/3, 1/3, 1/3, 1/3, 0, 1/3, 1/3, 1/3, 1/3, 0), byrow = T, nrow = 4)",Sidak,25000,153
118,Scenario8: https://cytel1.atlassian.net/wiki/spaces/CIC/pages/4235821079/AdaptGMCP+-+Testing+for+Binary+Endpoint#Scenarios-to-Test,750,0.025,5,2,"list(EP1 = c(0.22, 0.22, 0.22, 0.22, 0.22), EP2 = c(0.1, 0.1, 0.1, 0.1, 0.1))","c(1, 1, 1, 1, 1)","matrix(c(1, 0.5, 0.5, 1), byrow = T, nrow = 2)","c(1/4, 1/4, 1/4, 1/4, 0, 0, 0, 0)","matrix(c(0,0.083333333,0.083333333,0.083333333,0.75,0,0,0, 0.083333333,0,0.083333333,0.083333333,0,0.75,0,0, 0.083333333,0.083333333,0,0.083333333,0,0,0.75,0, 0.083333333,0.083333333,0.083333333,0,0,0,0,0.75, 0,0.333333333,0.333333333,0.333333333,0,0,0,0, 0.333333333,0,0.333333333,0.333333333,0,0,0,0, 0.333333333,0.333333333,0,0.333333333,0,0,0,0, 0.333333333,0.333333333,0.333333333,0,0,0,0,0), byrow = T, nrow = 8)",Bonf,25000,154
119,Scenario8: https://cytel1.atlassian.net/wiki/spaces/CIC/pages/4235821079/AdaptGMCP+-+Testing+for+Binary+Endpoint#Scenarios-to-Test,750,0.025,5,2,"list(EP1 = c(0.22, 0.22, 0.22, 0.22, 0.22), EP2 = c(0.1, 0.1, 0.1, 0.1, 0.1))","c(1, 1, 1, 1, 1)","matrix(c(1, 0.5, 0.5, 1), byrow = T, nrow = 2)","c(1/4, 1/4, 1/4, 1/4, 0, 0, 0, 0)","matrix(c(0,0.083333333,0.083333333,0.083333333,0.75,0,0,0, 0.083333333,0,0.083333333,0.083333333,0,0.75,0,0, 0.083333333,0.083333333,0,0.083333333,0,0,0.75,0, 0.083333333,0.083333333,0.083333333,0,0,0,0,0.75, 0,0.333333333,0.333333333,0.333333333,0,0,0,0, 0.333333333,0,0.333333333,0.333333333,0,0,0,0, 0.333333333,0.333333333,0,0.333333333,0,0,0,0, 0.333333333,0.333333333,0.333333333,0,0,0,0,0), byrow = T, nrow = 8)",Sidak,25000,155
120,Scenario8: https://cytel1.atlassian.net/wiki/spaces/CIC/pages/4235821079/AdaptGMCP+-+Testing+for+Binary+Endpoint#Scenarios-to-Test,750,0.025,5,2,"list(EP1 = c(0.22, 0.22, 0.22, 0.22, 0.22), EP2 = c(0.1, 0.1, 0.1, 0.1, 0.1))","c(1, 1, 1, 1, 1)","matrix(c(1, 0.5, 0.5, 1), byrow = T, nrow = 2)","c(1/4, 1/4, 1/4, 1/4, 0, 0, 0, 0)","matrix(c(0,0.083333333,0.083333333,0.083333333,0.75,0,0,0, 0.083333333,0,0.083333333,0.083333333,0,0.75,0,0, 0.083333333,0.083333333,0,0.083333333,0,0,0.75,0, 0.083333333,0.083333333,0.083333333,0,0,0,0,0.75, 0,0.333333333,0.333333333,0.333333333,0,0,0,0, 0.333333333,0,0.333333333,0.333333333,0,0,0,0, 0.333333333,0.333333333,0,0.333333333,0,0,0,0, 0.333333333,0.333333333,0.333333333,0,0,0,0,0), byrow = T, nrow = 8)",Dunnett,25000,157
121,Scenario8: https://cytel1.atlassian.net/wiki/spaces/CIC/pages/4235821079/AdaptGMCP+-+Testing+for+Binary+Endpoint#Scenarios-to-Test,750,0.025,5,2,"list(EP1 = c(0.22, 0.22, 0.22, 0.22, 0.22), EP2 = c(0.1, 0.1, 0.1, 0.1, 0.1))","c(1, 1, 1, 1, 1)","matrix(c(1, 0.5, 0.5, 1), byrow = T, nrow = 2)","c(1/4, 1/4, 1/4, 1/4, 0, 0, 0, 0)","matrix(c(0,0.083333333,0.083333333,0.083333333,0.75,0,0,0, 0.083333333,0,0.083333333,0.083333333,0,0.75,0,0, 0.083333333,0.083333333,0,0.083333333,0,0,0.75,0, 0.083333333,0.083333333,0.083333333,0,0,0,0,0.75, 0,0.333333333,0.333333333,0.333333333,0,0,0,0, 0.333333333,0,0.333333333,0.333333333,0,0,0,0, 0.333333333,0.333333333,0,0.333333333,0,0,0,0, 0.333333333,0.333333333,0.333333333,0,0,0,0,0), byrow = T, nrow = 8)",Partly-Parametric,25000,158
122,Scenario8: https://cytel1.atlassian.net/wiki/spaces/CIC/pages/4235821079/AdaptGMCP+-+Testing+for+Binary+Endpoint#Scenarios-to-Test,750,0.025,5,2,"list(EP1 = c(0.22, 0.22, 0.22, 0.22, 0.22), EP2 = c(0.1, 0.1, 0.1, 0.1, 0.1))","c(1, 1, 1, 1, 1)","matrix(c(1, 0.5, 0.5, 1), byrow = T, nrow = 2)","c(1/4, 1/4, 1/4, 1/4, 0, 0, 0, 0)","matrix(c(0,0.083333333,0.083333333,0.083333333,0.75,0,0,0, 0.083333333,0,0.083333333,0.083333333,0,0.75,0,0, 0.083333333,0.083333333,0,0.083333333,0,0,0.75,0, 0.083333333,0.083333333,0.083333333,0,0,0,0,0.75, 0,0.333333333,0.333333333,0.333333333,0,0,0,0, 0.333333333,0,0.333333333,0.333333333,0,0,0,0, 0.333333333,0.333333333,0,0.333333333,0,0,0,0, 0.333333333,0.333333333,0.333333333,0,0,0,0,0), byrow = T, nrow = 8)",Dunnett,25000,159
123,Scenario9: https://cytel1.atlassian.net/wiki/spaces/CIC/pages/4235821079/AdaptGMCP+-+Testing+for+Binary+Endpoint#Scenarios-to-Test,600,0.025,5,2,"list(EP1 = c(0.1, 0.1, 0.1, 0.22, 0.22), EP2 = c(0.1, 0.22, 0.22, 0.22, 0.1))","c(1, 1, 1, 1.5, 1.5)","matrix(c(1, 0.5, 0.5, 1), byrow = T, nrow = 2)","c(1/4, 1/4, 1/4, 1/4, 0, 0, 0, 0)","matrix(c(0,0.083333333,0.083333333,0.083333333,0.75,0,0,0, 0.083333333,0,0.083333333,0.083333333,0,0.75,0,0, 0.083333333,0.083333333,0,0.083333333,0,0,0.75,0, 0.083333333,0.083333333,0.083333333,0,0,0,0,0.75, 0,0.333333333,0.333333333,0.333333333,0,0,0,0, 0.333333333,0,0.333333333,0.333333333,0,0,0,0, 0.333333333,0.333333333,0,0.333333333,0,0,0,0, 0.333333333,0.333333333,0.333333333,0,0,0,0,0), byrow = T, nrow = 8)",Bonf,25000,160
124,Scenario9: https://cytel1.atlassian.net/wiki/spaces/CIC/pages/4235821079/AdaptGMCP+-+Testing+for+Binary+Endpoint#Scenarios-to-Test,600,0.025,5,2,"list(EP1 = c(0.1, 0.1, 0.1, 0.22, 0.22), EP2 = c(0.1, 0.22, 0.22, 0.22, 0.1))","c(1, 1, 1, 1.5, 1.5)","matrix(c(1, 0.5, 0.5, 1), byrow = T, nrow = 2)","c(1/4, 1/4, 1/4, 1/4, 0, 0, 0, 0)","matrix(c(0,0.083333333,0.083333333,0.083333333,0.75,0,0,0, 0.083333333,0,0.083333333,0.083333333,0,0.75,0,0, 0.083333333,0.083333333,0,0.083333333,0,0,0.75,0, 0.083333333,0.083333333,0.083333333,0,0,0,0,0.75, 0,0.333333333,0.333333333,0.333333333,0,0,0,0, 0.333333333,0,0.333333333,0.333333333,0,0,0,0, 0.333333333,0.333333333,0,0.333333333,0,0,0,0, 0.333333333,0.333333333,0.333333333,0,0,0,0,0), byrow = T, nrow = 8)",Sidak,25000,161
125,Scenario9: https://cytel1.atlassian.net/wiki/spaces/CIC/pages/4235821079/AdaptGMCP+-+Testing+for+Binary+Endpoint#Scenarios-to-Test,600,0.025,5,2,"list(EP1 = c(0.1, 0.1, 0.1, 0.22, 0.22), EP2 = c(0.1, 0.22, 0.22, 0.22, 0.1))","c(1, 1, 1, 1.5, 1.5)","matrix(c(1, 0.5, 0.5, 1), byrow = T, nrow = 2)","c(1/4, 1/4, 1/4, 1/4, 0, 0, 0, 0)","matrix(c(0,0.083333333,0.083333333,0.083333333,0.75,0,0,0, 0.083333333,0,0.083333333,0.083333333,0,0.75,0,0, 0.083333333,0.083333333,0,0.083333333,0,0,0.75,0, 0.083333333,0.083333333,0.083333333,0,0,0,0,0.75, 0,0.333333333,0.333333333,0.333333333,0,0,0,0, 0.333333333,0,0.333333333,0.333333333,0,0,0,0, 0.333333333,0.333333333,0,0.333333333,0,0,0,0, 0.333333333,0.333333333,0.333333333,0,0,0,0,0), byrow = T, nrow = 8)",Dunnett,25000,163
126,Scenario9: https://cytel1.atlassian.net/wiki/spaces/CIC/pages/4235821079/AdaptGMCP+-+Testing+for+Binary+Endpoint#Scenarios-to-Test,600,0.025,5,2,"list(EP1 = c(0.1, 0.1, 0.1, 0.22, 0.22), EP2 = c(0.1, 0.22, 0.22, 0.22, 0.1))","c(1, 1, 1, 1.5, 1.5)","matrix(c(1, 0.5, 0.5, 1), byrow = T, nrow = 2)","c(1/4, 1/4, 1/4, 1/4, 0, 0, 0, 0)","matrix(c(0,0.083333333,0.083333333,0.083333333,0.75,0,0,0, 0.083333333,0,0.083333333,0.083333333,0,0.75,0,0, 0.083333333,0.083333333,0,0.083333333,0,0,0.75,0, 0.083333333,0.083333333,0.083333333,0,0,0,0,0.75, 0,0.333333333,0.333333333,0.333333333,0,0,0,0, 0.333333333,0,0.333333333,0.333333333,0,0,0,0, 0.333333333,0.333333333,0,0.333333333,0,0,0,0, 0.333333333,0.333333333,0.333333333,0,0,0,0,0), byrow = T, nrow = 8)",Partly-Parametric,25000,164
127,Scenario9: https://cytel1.atlassian.net/wiki/spaces/CIC/pages/4235821079/AdaptGMCP+-+Testing+for+Binary+Endpoint#Scenarios-to-Test,600,0.025,5,2,"list(EP1 = c(0.1, 0.1, 0.1, 0.22, 0.22), EP2 = c(0.1, 0.22, 0.22, 0.22, 0.1))","c(1, 1, 1, 1.5, 1.5)","matrix(c(1, 0.5, 0.5, 1), byrow = T, nrow = 2)","c(1/4, 1/4, 1/4, 1/4, 0, 0, 0, 0)","matrix(c(0,0.083333333,0.083333333,0.083333333,0.75,0,0,0, 0.083333333,0,0.083333333,0.083333333,0,0.75,0,0, 0.083333333,0.083333333,0,0.083333333,0,0,0.75,0, 0.083333333,0.083333333,0.083333333,0,0,0,0,0.75, 0,0.333333333,0.333333333,0.333333333,0,0,0,0, 0.333333333,0,0.333333333,0.333333333,0,0,0,0, 0.333333333,0.333333333,0,0.333333333,0,0,0,0, 0.333333333,0.333333333,0.333333333,0,0,0,0,0), byrow = T, nrow = 8)",Sidak,25000,165
128,Scenario10: https://cytel1.atlassian.net/wiki/spaces/CIC/pages/4235821079/AdaptGMCP+-+Testing+for+Binary+Endpoint#Scenarios-to-Test,500,0.025,3,3,"list(EP1 = c(0.33, 0.33, 0.33), EP2 = c(0.22, 0.22, 0.22), EP3 = c(0.1, 0.1, 0.1))","c(1, 200/150, 1)","matrix(c(1, 0.5, 0.5, 0.5, 1, 0.5, 0.5, 0.5, 1), byrow = T, nrow = 3)","c(1, 0, 0, 0, 0, 0)","matrix(c(0,0,0,0,0,0,0.5,0,0.9999,0,0,0,0.5,0.9999,0,0,0,0,0,1e-04,0,0,0.9999,0,0,0,1e-04,0.9999,0,0,0,0,0,1e-04,1e-04,0), nrow = 6, byrow = F)",Bonf,25000,166
129,Scenario10: https://cytel1.atlassian.net/wiki/spaces/CIC/pages/4235821079/AdaptGMCP+-+Testing+for+Binary+Endpoint#Scenarios-to-Test,500,0.025,3,3,"list(EP1 = c(0.33, 0.33, 0.33), EP2 = c(0.22, 0.22, 0.22), EP3 = c(0.1, 0.1, 0.1))","c(1, 200/150, 1)","matrix(c(1, 0.5, 0.5, 0.5, 1, 0.5, 0.5, 0.5, 1), byrow = T, nrow = 3)","c(1, 0, 0, 0, 0, 0)","matrix(c(0,0,0,0,0,0,0.5,0,0.9999,0,0,0,0.5,0.9999,0,0,0,0,0,1e-04,0,0,0.9999,0,0,0,1e-04,0.9999,0,0,0,0,0,1e-04,1e-04,0), nrow = 6, byrow = F)",Sidak,25000,167
130,Scenario10: https://cytel1.atlassian.net/wiki/spaces/CIC/pages/4235821079/AdaptGMCP+-+Testing+for+Binary+Endpoint#Scenarios-to-Test,500,0.025,3,3,"list(EP1 = c(0.33, 0.33, 0.33), EP2 = c(0.22, 0.22, 0.22), EP3 = c(0.1, 0.1, 0.1))","c(1, 200/150, 1)","matrix(c(1, 0.5, 0.5, 0.5, 1, 0.5, 0.5, 0.5, 1), byrow = T, nrow = 3)","c(1, 0, 0, 0, 0, 0)","matrix(c(0,0,0,0,0,0,0.5,0,0.9999,0,0,0,0.5,0.9999,0,0,0,0,0,1e-04,0,0,0.9999,0,0,0,1e-04,0.9999,0,0,0,0,0,1e-04,1e-04,0), nrow = 6, byrow = F)",Dunnett,25000,169
131,Scenario10: https://cytel1.atlassian.net/wiki/spaces/CIC/pages/4235821079/AdaptGMCP+-+Testing+for+Binary+Endpoint#Scenarios-to-Test,500,0.025,3,3,"list(EP1 = c(0.33, 0.33, 0.33), EP2 = c(0.22, 0.22, 0.22), EP3 = c(0.1, 0.1, 0.1))","c(1, 200/150, 1)","matrix(c(1, 0.5, 0.5, 0.5, 1, 0.5, 0.5, 0.5, 1), byrow = T, nrow = 3)","c(1, 0, 0, 0, 0, 0)","matrix(c(0,0,0,0,0,0,0.5,0,0.9999,0,0,0,0.5,0.9999,0,0,0,0,0,1e-04,0,0,0.9999,0,0,0,1e-04,0.9999,0,0,0,0,0,1e-04,1e-04,0), nrow = 6, byrow = F)",Partly-Parametric,25000,170
132,Scenario11: https://cytel1.atlassian.net/wiki/spaces/CIC/pages/4235821079/AdaptGMCP+-+Testing+for+Binary+Endpoint#Scenarios-to-Test,500,0.025,3,3,"list(EP1 = c(0.1, 0.33, 0.25), EP2 = c(0.1, 0.22, 0.22), EP3 = c(0.1, 0.25, 0.15))","c(1, 200/150, 1)","matrix(c(1, 0.5, 0.5, 0.5, 1, 0.5, 0.5, 0.5, 1), byrow = T, nrow = 3)","c(1, 0, 0, 0, 0, 0)","matrix(c(0,0,0,0,0,0,0.5,0,0.9999,0,0,0,0.5,0.9999,0,0,0,0,0,1e-04,0,0,0.9999,0,0,0,1e-04,0.9999,0,0,0,0,0,1e-04,1e-04,0), nrow = 6, byrow = F)",Bonf,25000,172
133,Scenario11: https://cytel1.atlassian.net/wiki/spaces/CIC/pages/4235821079/AdaptGMCP+-+Testing+for+Binary+Endpoint#Scenarios-to-Test,500,0.025,3,3,"list(EP1 = c(0.1, 0.33, 0.25), EP2 = c(0.1, 0.22, 0.22), EP3 = c(0.1, 0.25, 0.15))","c(1, 200/150, 1)","matrix(c(1, 0.5, 0.5, 0.5, 1, 0.5, 0.5, 0.5, 1), byrow = T, nrow = 3)","c(1, 0, 0, 0, 0, 0)","matrix(c(0,0,0,0,0,0,0.5,0,0.9999,0,0,0,0.5,0.9999,0,0,0,0,0,1e-04,0,0,0.9999,0,0,0,1e-04,0.9999,0,0,0,0,0,1e-04,1e-04,0), nrow = 6, byrow = F)",Sidak,25000,173
134,Scenario11: https://cytel1.atlassian.net/wiki/spaces/CIC/pages/4235821079/AdaptGMCP+-+Testing+for+Binary+Endpoint#Scenarios-to-Test,500,0.025,3,3,"list(EP1 = c(0.1, 0.33, 0.25), EP2 = c(0.1, 0.22, 0.22), EP3 = c(0.1, 0.25, 0.15))","c(1, 200/150, 1)","matrix(c(1, 0.5, 0.5, 0.5, 1, 0.5, 0.5, 0.5, 1), byrow = T, nrow = 3)","c(1, 0, 0, 0, 0, 0)","matrix(c(0,0,0,0,0,0,0.5,0,0.9999,0,0,0,0.5,0.9999,0,0,0,0,0,1e-04,0,0,0.9999,0,0,0,1e-04,0.9999,0,0,0,0,0,1e-04,1e-04,0), nrow = 6, byrow = F)",Dunnett,25000,175
135,Scenario11: https://cytel1.atlassian.net/wiki/spaces/CIC/pages/4235821079/AdaptGMCP+-+Testing+for+Binary+Endpoint#Scenarios-to-Test,500,0.025,3,3,"list(EP1 = c(0.1, 0.33, 0.25), EP2 = c(0.1, 0.22, 0.22), EP3 = c(0.1, 0.25, 0.15))","c(1, 200/150, 1)","matrix(c(1, 0.5, 0.5, 0.5, 1, 0.5, 0.5, 0.5, 1), byrow = T, nrow = 3)","c(1, 0, 0, 0, 0, 0)","matrix(c(0,0,0,0,0,0,0.5,0,0.9999,0,0,0,0.5,0.9999,0,0,0,0,0,1e-04,0,0,0.9999,0,0,0,1e-04,0.9999,0,0,0,0,0,1e-04,1e-04,0), nrow = 6, byrow = F)",Partly-Parametric,25000,176
136,Scenario11: https://cytel1.atlassian.net/wiki/spaces/CIC/pages/4235821079/AdaptGMCP+-+Testing+for+Binary+Endpoint#Scenarios-to-Test,500,0.025,3,3,"list(EP1 = c(0.1, 0.33, 0.25), EP2 = c(0.1, 0.22, 0.22), EP3 = c(0.1, 0.25, 0.15))","c(1, 200/150, 1)","matrix(c(1, 0.5, 0.5, 0.5, 1, 0.5, 0.5, 0.5, 1), byrow = T, nrow = 3)","c(1, 0, 0, 0, 0, 0)","matrix(c(0,0,0,0,0,0,0.5,0,0.9999,0,0,0,0.5,0.9999,0,0,0,0,0,1e-04,0,0,0.9999,0,0,0,1e-04,0.9999,0,0,0,0,0,1e-04,1e-04,0), nrow = 6, byrow = F)",Bonf,25000,177
