ModelID,Scenario,seed,Global.Power,Conjunctive.Power,Disjunctive.Power,FWER,CI_95perc_Global.Power,CI_95perc_Conjunctive.Power,CI_95perc_Disjunctive.Power,CI_95perc_FWER,StagewiseRejection_Count,StagewiseRejection_Percentage,HoursTaken,Input,Method,SampleSize,alpha,TestStatCont,CommonStdDev,TestStatBin,FWERControl,nArms,nEps,lEpType,Arms.Mean,Arms.std.dev,Arms.Prop,Arms.alloc.ratio,EP.Corr,WI,G,test.type,info_frac,typeOfDesign,MultipleWinners,Selection,SelectionLook,SelectEndPoint,SelectionScale,SelectionCriterion,SelectionParmeter,KeepAssosiatedEps,ImplicitSSR,nSimulation,nSimulation_Stage2,Seed2,SummaryStat,plotGraphs,Parallel,UseCC,Matching.Pair,Test.Set,Compare.Set
9,"No sel, Param, SS=600, all props=0.4, lk1=0.75, no CC",64564,0.0293275,0,0,0.0293275,"(0.02686,0.03179)","(0,0)","(0,0)","(0.02686,0.03179)","138,158","0.0138,0.0158",0.488172556,>>>,CER,600,0.025,NA,NA,UnPooled,CombinationTest,3,1,list('EP1' = 'Binary'),NA,NA,"list('EP1' = c(0.4, 0.4, 0.4))","c(1,1,1)",matrix(1),"c(rep(1/2,2))","rbind(H1=c(0,1), H2=c(1,0))",Parametric,"c(0.75,1)",asOF,FALSE,FALSE,NA,NA,NA,NA,NA,NA,None,10000,1000,64564,TRUE,FALSE,TRUE,FALSE,1,Orig,2
11,"Fut=0.5, Param, SS=600, all props=0.4, SSR=None, lk1=0.75, no CC",11111,0.0264368,0,0,0.0264368,"(0.0242,0.02868)","(0,0)","(0,0)","(0.0242,0.02868)","109,148","0.0109,0.0148",0.318224146,>>>,CER,600,0.025,NA,NA,UnPooled,CombinationTest,3,1,list('EP1' = 'Binary'),NA,NA,"list('EP1' = c(0.4, 0.4, 0.4))","c(1,1,1)",matrix(1),"c(rep(1/2,2))","rbind(H1=c(0,1), H2=c(1,0))",Parametric,"c(0.75,1)",asOF,FALSE,TRUE,1,1,pvalue,threshold,0.5,FALSE,None,10000,1000,11111,TRUE,FALSE,TRUE,FALSE,0,0,6
12,"Fut=0.75, no CC, Param, SS=600, all props=0.4, SSR=Sel, lk1=0.75, no CC",343,0.0280617,0,0,0.0280617,"(0.02571,0.03041)","(0,0)","(0,0)","(0.02571,0.03041)","121,148","0.0121,0.0148",0.408691672,>>>,CER,600,0.025,NA,NA,UnPooled,CombinationTest,3,1,list('EP1' = 'Binary'),NA,NA,"list('EP1' = c(0.4, 0.4, 0.4))","c(1,1,1)",matrix(1),"c(rep(1/2,2))","rbind(H1=c(0,1), H2=c(1,0))",Parametric,"c(0.75,1)",asOF,FALSE,TRUE,1,1,pvalue,threshold,0.75,TRUE,Selection,10000,1000,343,TRUE,FALSE,TRUE,FALSE,2,Orig,8
13,"Fut=0.5, Param, SS=600, all props=0.4, SSR=Sel, lk1=0.75, no CC",84234,0.0262318,0,0,0.0262318,"(0.02404,0.02843)","(0,0)","(0,0)","(0.02404,0.02843)","101,170","0.0101,0.017",0.319919924,>>>,CER,600,0.025,NA,NA,UnPooled,CombinationTest,3,1,list('EP1' = 'Binary'),NA,NA,"list('EP1' = c(0.4, 0.4, 0.4))","c(1,1,1)",matrix(1),"c(rep(1/2,2))","rbind(H1=c(0,1), H2=c(1,0))",Parametric,"c(0.75,1)",asOF,FALSE,TRUE,1,1,pvalue,threshold,0.5,TRUE,Selection,10000,1000,84234,TRUE,FALSE,TRUE,FALSE,0,0,6
14,"Fut=0.25, Param, SS=600, all props=0.4, SSR=Sel, lk1=0.75, no CC",4346,0.0275389,0,0,0.0275389,"(0.02523,0.02985)","(0,0)","(0,0)","(0.02523,0.02985)","114,150","0.0114,0.015",0.184278064,>>>,CER,600,0.025,NA,NA,UnPooled,CombinationTest,3,1,list('EP1' = 'Binary'),NA,NA,"list('EP1' = c(0.4, 0.4, 0.4))","c(1,1,1)",matrix(1),"c(rep(1/2,2))","rbind(H1=c(0,1), H2=c(1,0))",Parametric,"c(0.75,1)",asOF,FALSE,TRUE,1,1,pvalue,threshold,0.25,TRUE,Selection,10000,1000,4346,TRUE,FALSE,TRUE,FALSE,3,Orig,4
15,"Sel Best=1, Param, SS=600, all props=0.4, SSR=Sel, lk1=0.75, no CC",9504,0.0266024,0,0,0.0266024,"(0.02433,0.02887)","(0,0)","(0,0)","(0.02433,0.02887)","112,153","0.0112,0.0153",0.403226337,>>>,CER,600,0.025,NA,NA,UnPooled,CombinationTest,3,1,list('EP1' = 'Binary'),NA,NA,"list('EP1' = c(0.4, 0.4, 0.4))","c(1,1,1)",matrix(1),"c(rep(1/2,2))","rbind(H1=c(0,1), H2=c(1,0))",Parametric,"c(0.75,1)",asOF,FALSE,TRUE,1,1,pvalue,best,1,TRUE,Selection,10000,1000,9504,TRUE,FALSE,TRUE,FALSE,0,0,10
16,"Sel Best=2, Param, SS=600, all props=0.4, SSR=Sel, lk1=0.75, no CC",2300,0.0285122,0,0,0.0285122,"(0.02616,0.03087)","(0,0)","(0,0)","(0.02616,0.03087)","119,165","0.0119,0.0165",0.481469522,>>>,CER,600,0.025,NA,NA,UnPooled,CombinationTest,3,1,list('EP1' = 'Binary'),NA,NA,"list('EP1' = c(0.4, 0.4, 0.4))","c(1,1,1)",matrix(1),"c(rep(1/2,2))","rbind(H1=c(0,1), H2=c(1,0))",Parametric,"c(0.75,1)",asOF,FALSE,TRUE,1,1,pvalue,best,2,TRUE,Selection,10000,1000,2300,TRUE,FALSE,TRUE,FALSE,4,Orig,12
17,"No sel, Param, SS=400, all props=0.4, lk1=0.5, no CC",97827,0.0277034,0,0,0.0277034,"(0.02631,0.02909)","(0,0)","(0,0)","(0.02631,0.02909)","17,252","0.0017,0.0252",0.499078049,>>>,CER,400,0.025,NA,NA,UnPooled,CombinationTest,3,1,list('EP1' = 'Binary'),NA,NA,"list('EP1' = c(0.4, 0.4, 0.4))","c(1,1,1)",matrix(1),"c(rep(1/2,2))","rbind(H1=c(0,1), H2=c(1,0))",Parametric,"c(0.5,1)",asOF,FALSE,FALSE,NA,NA,NA,NA,NA,NA,None,10000,1000,97827,TRUE,FALSE,TRUE,FALSE,0,0,1
18,"Sel Best=1, Param, SS=400, all props=0.4, SSR=None, lk1=0.5, no CC",70743,0.0268757,0,0,0.0268757,"(0.0255,0.02825)","(0,0)","(0,0)","(0.0255,0.02825)","18,232","0.0018,0.0232",0.407735505,>>>,CER,400,0.025,NA,NA,UnPooled,CombinationTest,3,1,list('EP1' = 'Binary'),NA,NA,"list('EP1' = c(0.4, 0.4, 0.4))","c(1,1,1)",matrix(1),"c(rep(1/2,2))","rbind(H1=c(0,1), H2=c(1,0))",Parametric,"c(0.5,1)",asOF,FALSE,TRUE,1,1,delta,best,1,FALSE,None,10000,1000,70743,TRUE,FALSE,TRUE,FALSE,0,0,9
19,"Fut=0.5, Param, SS=400, all props=0.4, SSR=None, lk1=0.5, no CC",2402,0.0280466,0,0,0.0280466,"(0.02657,0.02952)","(0,0)","(0,0)","(0.02657,0.02952)","26,255","0.0026,0.0255",0.319244276,>>>,CER,400,0.025,NA,NA,UnPooled,CombinationTest,3,1,list('EP1' = 'Binary'),NA,NA,"list('EP1' = c(0.4, 0.4, 0.4))","c(1,1,1)",matrix(1),"c(rep(1/2,2))","rbind(H1=c(0,1), H2=c(1,0))",Parametric,"c(0.5,1)",asOF,FALSE,TRUE,1,1,pvalue,threshold,0.5,FALSE,None,10000,1000,2402,TRUE,FALSE,TRUE,FALSE,5,Orig,5
20,"Fut=0.5, no CC, Param, SS=400, all props=0.4, SSR=Sel, lk1=0.5, no CC",2637,0.0281469,0,0,0.0281469,"(0.02667,0.02962)","(0,0)","(0,0)","(0.02667,0.02962)","26,258","0.0026,0.0258",0.40714401,>>>,CER,400,0.025,NA,NA,UnPooled,CombinationTest,3,1,list('EP1' = 'Binary'),NA,NA,"list('EP1' = c(0.4, 0.4, 0.4))","c(1,1,1)",matrix(1),"c(rep(1/2,2))","rbind(H1=c(0,1), H2=c(1,0))",Parametric,"c(0.5,1)",asOF,FALSE,TRUE,1,1,pvalue,threshold,0.75,TRUE,Selection,10000,1000,2637,TRUE,FALSE,TRUE,FALSE,6,Orig,7
21,"Fut=0.5, Param, SS=400, all props=0.4, SSR=Sel, lk1=0.5, no CC",499,0.0277677,0,0,0.0277677,"(0.02631,0.02922)","(0,0)","(0,0)","(0.02631,0.02922)","25,258","0.0025,0.0258",0.315653452,>>>,CER,400,0.025,NA,NA,UnPooled,CombinationTest,3,1,list('EP1' = 'Binary'),NA,NA,"list('EP1' = c(0.4, 0.4, 0.4))","c(1,1,1)",matrix(1),"c(rep(1/2,2))","rbind(H1=c(0,1), H2=c(1,0))",Parametric,"c(0.5,1)",asOF,FALSE,TRUE,1,1,pvalue,threshold,0.5,TRUE,Selection,10000,1000,499,TRUE,FALSE,TRUE,FALSE,0,0,5
22,"Fut=0.25, Param, SS=400, all props=0.4, SSR=Sel, lk1=0.5, no CC",30953,0.0259178,0,0,0.0259178,"(0.02448,0.02736)","(0,0)","(0,0)","(0.02448,0.02736)","23,224","0.0023,0.0224",0.188604824,>>>,CER,400,0.025,NA,NA,UnPooled,CombinationTest,3,1,list('EP1' = 'Binary'),NA,NA,"list('EP1' = c(0.4, 0.4, 0.4))","c(1,1,1)",matrix(1),"c(rep(1/2,2))","rbind(H1=c(0,1), H2=c(1,0))",Parametric,"c(0.5,1)",asOF,FALSE,TRUE,1,1,pvalue,threshold,0.25,TRUE,Selection,10000,1000,30953,TRUE,FALSE,TRUE,FALSE,0,0,3
23,"Sel Best=1, Param, SS=400, all props=0.4, SSR=Sel, lk1=0.5, no CC",59079,0.0270477,0,0,0.0270477,"(0.02567,0.02843)","(0,0)","(0,0)","(0.02567,0.02843)","17,249","0.0017,0.0249",0.401565141,>>>,CER,400,0.025,NA,NA,UnPooled,CombinationTest,3,1,list('EP1' = 'Binary'),NA,NA,"list('EP1' = c(0.4, 0.4, 0.4))","c(1,1,1)",matrix(1),"c(rep(1/2,2))","rbind(H1=c(0,1), H2=c(1,0))",Parametric,"c(0.5,1)",asOF,FALSE,TRUE,1,1,pvalue,best,1,TRUE,Selection,10000,1000,59079,TRUE,FALSE,TRUE,FALSE,0,0,9
24,"Sel Best=2, Param, SS=400, all props=0.4, SSR=Sel, lk1=0.5, no CC",58217,0.0274309,0,0,0.0274309,"(0.02607,0.0288)","(0,0)","(0,0)","(0.02607,0.0288)","15,255","0.0015,0.0255",0.480485503,>>>,CER,400,0.025,NA,NA,UnPooled,CombinationTest,3,1,list('EP1' = 'Binary'),NA,NA,"list('EP1' = c(0.4, 0.4, 0.4))","c(1,1,1)",matrix(1),"c(rep(1/2,2))","rbind(H1=c(0,1), H2=c(1,0))",Parametric,"c(0.5,1)",asOF,FALSE,TRUE,1,1,pvalue,best,2,TRUE,Selection,10000,1000,58217,TRUE,FALSE,TRUE,FALSE,0,0,11
25,"No sel, Param, SS=400, all props=0.4, lk1=0.5, no CC, FWCtr=None",97827,0.0268803,0,0,0.0268803,"(0.02553,0.02823)","(0,0)","(0,0)","(0.02553,0.02823)","17,246","0.0017,0.0246",0.537369476,>>>,CER,400,0.025,NA,NA,UnPooled,None,3,1,list('EP1' = 'Binary'),NA,NA,"list('EP1' = c(0.4, 0.4, 0.4))","c(1,1,1)",matrix(1),"c(rep(1/2,2))","rbind(H1=c(0,1), H2=c(1,0))",Parametric,"c(0.5,1)",asOF,FALSE,FALSE,NA,NA,NA,NA,NA,NA,None,10000,1000,97827,TRUE,FALSE,TRUE,FALSE,0,0,1
26,"Sel Best=1, Param, SS=400, all props=0.4, SSR=None, lk1=0.5, no CC, FWCtr=None",70743,0.0259111,0,0,0.0259111,"(0.02457,0.02725)","(0,0)","(0,0)","(0.02457,0.02725)","18,219","0.0018,0.0219",0.437745532,>>>,CER,400,0.025,NA,NA,UnPooled,None,3,1,list('EP1' = 'Binary'),NA,NA,"list('EP1' = c(0.4, 0.4, 0.4))","c(1,1,1)",matrix(1),"c(rep(1/2,2))","rbind(H1=c(0,1), H2=c(1,0))",Parametric,"c(0.5,1)",asOF,FALSE,TRUE,1,1,delta,best,1,FALSE,None,10000,1000,70743,TRUE,FALSE,TRUE,FALSE,0,0,9
27,"Fut=0.5, Param, SS=400, all props=0.4, SSR=None, lk1=0.5, no CC, FWCtr=None",2402,0.02718,0,0,0.02718,"(0.02574,0.02862)","(0,0)","(0,0)","(0.02574,0.02862)","26,242","0.0026,0.0242",0.34460724,>>>,CER,400,0.025,NA,NA,UnPooled,None,3,1,list('EP1' = 'Binary'),NA,NA,"list('EP1' = c(0.4, 0.4, 0.4))","c(1,1,1)",matrix(1),"c(rep(1/2,2))","rbind(H1=c(0,1), H2=c(1,0))",Parametric,"c(0.5,1)",asOF,FALSE,TRUE,1,1,pvalue,threshold,0.5,FALSE,None,10000,1000,2402,TRUE,FALSE,TRUE,FALSE,7,Orig,5
28,"Fut=0.5, no CC, FWCtr=None, Param, SS=400, all props=0.4, SSR=Sel, lk1=0.5, no CC, FWCtr=None",2637,0.0272943,0,0,0.0272943,"(0.02585,0.02874)","(0,0)","(0,0)","(0.02585,0.02874)","26,245","0.0026,0.0245",0.452448414,>>>,CER,400,0.025,NA,NA,UnPooled,None,3,1,list('EP1' = 'Binary'),NA,NA,"list('EP1' = c(0.4, 0.4, 0.4))","c(1,1,1)",matrix(1),"c(rep(1/2,2))","rbind(H1=c(0,1), H2=c(1,0))",Parametric,"c(0.5,1)",asOF,FALSE,TRUE,1,1,pvalue,threshold,0.75,TRUE,Selection,10000,1000,2637,TRUE,FALSE,TRUE,FALSE,8,Orig,7
29,"Fut=0.5, Param, SS=400, all props=0.4, SSR=Sel, lk1=0.5, no CC, FWCtr=None",499,0.0270243,0,0,0.0270243,"(0.0256,0.02845)","(0,0)","(0,0)","(0.0256,0.02845)","25,247","0.0025,0.0247",0.345712345,>>>,CER,400,0.025,NA,NA,UnPooled,None,3,1,list('EP1' = 'Binary'),NA,NA,"list('EP1' = c(0.4, 0.4, 0.4))","c(1,1,1)",matrix(1),"c(rep(1/2,2))","rbind(H1=c(0,1), H2=c(1,0))",Parametric,"c(0.5,1)",asOF,FALSE,TRUE,1,1,pvalue,threshold,0.5,TRUE,Selection,10000,1000,499,TRUE,FALSE,TRUE,FALSE,9,Orig,5
31,"Sel Best=1, Param, SS=400, all props=0.4, SSR=Sel, lk1=0.5, no CC, FWCtr=None",59079,0.0262088,0,0,0.0262088,"(0.02487,0.02755)","(0,0)","(0,0)","(0.02487,0.02755)","17,240","0.0017,0.024",0.440907903,>>>,CER,400,0.025,NA,NA,UnPooled,None,3,1,list('EP1' = 'Binary'),NA,NA,"list('EP1' = c(0.4, 0.4, 0.4))","c(1,1,1)",matrix(1),"c(rep(1/2,2))","rbind(H1=c(0,1), H2=c(1,0))",Parametric,"c(0.5,1)",asOF,FALSE,TRUE,1,1,pvalue,best,1,TRUE,Selection,10000,1000,59079,TRUE,FALSE,TRUE,FALSE,0,0,9
32,"Sel Best=2, Param, SS=400, all props=0.4, SSR=Sel, lk1=0.5, no CC, FWCtr=None",58217,0.0264841,0,0,0.0264841,"(0.02516,0.02781)","(0,0)","(0,0)","(0.02516,0.02781)","15,247","0.0015,0.0247",0.541335483,>>>,CER,400,0.025,NA,NA,UnPooled,None,3,1,list('EP1' = 'Binary'),NA,NA,"list('EP1' = c(0.4, 0.4, 0.4))","c(1,1,1)",matrix(1),"c(rep(1/2,2))","rbind(H1=c(0,1), H2=c(1,0))",Parametric,"c(0.5,1)",asOF,FALSE,TRUE,1,1,pvalue,best,2,TRUE,Selection,10000,1000,58217,TRUE,FALSE,TRUE,FALSE,0,0,11
33,"No sel, Param, SS=600, all props=0.4, lk1=0.75, CC",64564,0.0271547,0,0,0.0271547,"(0.02478,0.02953)","(0,0)","(0,0)","(0.02478,0.02953)","127,146","0.0127,0.0146",0.49617425,>>>,CER,600,0.025,NA,NA,UnPooled,CombinationTest,3,1,list('EP1' = 'Binary'),NA,NA,"list('EP1' = c(0.4, 0.4, 0.4))","c(1,1,1)",matrix(1),"c(rep(1/2,2))","rbind(H1=c(0,1), H2=c(1,0))",Parametric,"c(0.75,1)",asOF,FALSE,FALSE,NA,NA,NA,NA,NA,NA,None,10000,1000,64564,TRUE,FALSE,TRUE,TRUE,1,Orig,2
36,"Fut=0.75, CC, Param, SS=600, all props=0.4, SSR=Sel, lk1=0.75, CC",343,0.0262098,0,0,0.0262098,"(0.02391,0.02851)","(0,0)","(0,0)","(0.02391,0.02851)","117,131","0.0117,0.0131",0.408687712,>>>,CER,600,0.025,NA,NA,UnPooled,CombinationTest,3,1,list('EP1' = 'Binary'),NA,NA,"list('EP1' = c(0.4, 0.4, 0.4))","c(1,1,1)",matrix(1),"c(rep(1/2,2))","rbind(H1=c(0,1), H2=c(1,0))",Parametric,"c(0.75,1)",asOF,FALSE,TRUE,1,1,pvalue,threshold,0.75,TRUE,Selection,10000,1000,343,TRUE,FALSE,TRUE,TRUE,2,Orig,8
38,"Fut=0.25, Param, SS=600, all props=0.4, SSR=Sel, lk1=0.75, CC",4346,0.0257806,0,0,0.0257806,"(0.02353,0.02803)","(0,0)","(0,0)","(0.02353,0.02803)","109,138","0.0109,0.0138",0.187402074,>>>,CER,600,0.025,NA,NA,UnPooled,CombinationTest,3,1,list('EP1' = 'Binary'),NA,NA,"list('EP1' = c(0.4, 0.4, 0.4))","c(1,1,1)",matrix(1),"c(rep(1/2,2))","rbind(H1=c(0,1), H2=c(1,0))",Parametric,"c(0.75,1)",asOF,FALSE,TRUE,1,1,pvalue,threshold,0.25,TRUE,Selection,10000,1000,4346,TRUE,FALSE,TRUE,TRUE,3,Orig,4
40,"Sel Best=2, Param, SS=600, all props=0.4, SSR=Sel, lk1=0.75, CC",2300,0.0264572,0,0,0.0264572,"(0.02417,0.02874)","(0,0)","(0,0)","(0.02417,0.02874)","113,152","0.0113,0.0152",0.482172018,>>>,CER,600,0.025,NA,NA,UnPooled,CombinationTest,3,1,list('EP1' = 'Binary'),NA,NA,"list('EP1' = c(0.4, 0.4, 0.4))","c(1,1,1)",matrix(1),"c(rep(1/2,2))","rbind(H1=c(0,1), H2=c(1,0))",Parametric,"c(0.75,1)",asOF,FALSE,TRUE,1,1,pvalue,best,2,TRUE,Selection,10000,1000,2300,TRUE,FALSE,TRUE,TRUE,4,Orig,12
43,"Fut=0.5, Param, SS=400, all props=0.4, SSR=None, lk1=0.5, CC",2402,0.0257365,0,0,0.0257365,"(0.02436,0.02711)","(0,0)","(0,0)","(0.02436,0.02711)","21,239","0.0021,0.0239",0.319917819,>>>,CER,400,0.025,NA,NA,UnPooled,CombinationTest,3,1,list('EP1' = 'Binary'),NA,NA,"list('EP1' = c(0.4, 0.4, 0.4))","c(1,1,1)",matrix(1),"c(rep(1/2,2))","rbind(H1=c(0,1), H2=c(1,0))",Parametric,"c(0.5,1)",asOF,FALSE,TRUE,1,1,pvalue,threshold,0.5,FALSE,None,10000,1000,2402,TRUE,FALSE,TRUE,TRUE,5,Orig,5
44,"Fut=0.5, CC, Param, SS=400, all props=0.4, SSR=Sel, lk1=0.5, CC",2637,0.0258527,0,0,0.0258527,"(0.02448,0.02723)","(0,0)","(0,0)","(0.02448,0.02723)","21,241","0.0021,0.0241",0.418096978,>>>,CER,400,0.025,NA,NA,UnPooled,CombinationTest,3,1,list('EP1' = 'Binary'),NA,NA,"list('EP1' = c(0.4, 0.4, 0.4))","c(1,1,1)",matrix(1),"c(rep(1/2,2))","rbind(H1=c(0,1), H2=c(1,0))",Parametric,"c(0.5,1)",asOF,FALSE,TRUE,1,1,pvalue,threshold,0.75,TRUE,Selection,10000,1000,2637,TRUE,FALSE,TRUE,TRUE,6,Orig,7
51,"Fut=0.5, Param, SS=400, all props=0.4, SSR=None, lk1=0.5, CC, FWCtr=None",2402,0.0260035,0,0,0.0260035,"(0.02463,0.02737)","(0,0)","(0,0)","(0.02463,0.02737)","21,240","0.0021,0.024",0.345197974,>>>,CER,400,0.025,NA,NA,UnPooled,None,3,1,list('EP1' = 'Binary'),NA,NA,"list('EP1' = c(0.4, 0.4, 0.4))","c(1,1,1)",matrix(1),"c(rep(1/2,2))","rbind(H1=c(0,1), H2=c(1,0))",Parametric,"c(0.5,1)",asOF,FALSE,TRUE,1,1,pvalue,threshold,0.5,FALSE,None,10000,1000,2402,TRUE,FALSE,TRUE,TRUE,7,Orig,5
52,"Fut=0.5, CC, FWCtr=None, Param, SS=400, all props=0.4, SSR=Sel, lk1=0.5, CC, FWCtr=None",2637,0.0261043,0,0,0.0261043,"(0.02473,0.02747)","(0,0)","(0,0)","(0.02473,0.02747)","21,242","0.0021,0.0242",0.455505026,>>>,CER,400,0.025,NA,NA,UnPooled,None,3,1,list('EP1' = 'Binary'),NA,NA,"list('EP1' = c(0.4, 0.4, 0.4))","c(1,1,1)",matrix(1),"c(rep(1/2,2))","rbind(H1=c(0,1), H2=c(1,0))",Parametric,"c(0.5,1)",asOF,FALSE,TRUE,1,1,pvalue,threshold,0.75,TRUE,Selection,10000,1000,2637,TRUE,FALSE,TRUE,TRUE,8,Orig,7
53,"Fut=0.5, Param, SS=400, all props=0.4, SSR=Sel, lk1=0.5, CC, FWCtr=None",499,0.0258055,0,0,0.0258055,"(0.02446,0.02715)","(0,0)","(0,0)","(0.02446,0.02715)","19,243","0.0019,0.0243",0.343551703,>>>,CER,400,0.025,NA,NA,UnPooled,None,3,1,list('EP1' = 'Binary'),NA,NA,"list('EP1' = c(0.4, 0.4, 0.4))","c(1,1,1)",matrix(1),"c(rep(1/2,2))","rbind(H1=c(0,1), H2=c(1,0))",Parametric,"c(0.5,1)",asOF,FALSE,TRUE,1,1,pvalue,threshold,0.5,TRUE,Selection,10000,1000,499,TRUE,FALSE,TRUE,TRUE,9,Orig,5
57,"No sel, Param, SS=10k, all props=0.4, lk1=0.5, no CC",64564,0.02520995,0,0,0.02520995,"(0.02428,0.02614)","(0,0)","(0,0)","(0.02428,0.02614)","33,467","0.00165,0.02335",2.138301634,>>>,CER,10000,0.025,NA,NA,UnPooled,CombinationTest,3,1,list('EP1' = 'Binary'),NA,NA,"list('EP1' = c(0.4, 0.4, 0.4))","c(1,1,1)",matrix(1),"c(rep(1/2,2))","rbind(H1=c(0,1), H2=c(1,0))",Parametric,"c(0.5,1)",asOF,FALSE,FALSE,NA,NA,NA,NA,NA,NA,None,20000,2000,64564,TRUE,FALSE,TRUE,FALSE,0,x,1
58,"Fut=0.75, no CC, Param, SS=10k, all props=0.4, SSR=Sel, lk1=0.5, no CC",343,0.02525715,0,0,0.02525715,"(0.02436,0.02615)","(0,0)","(0,0)","(0.02436,0.02615)","24,474","0.0012,0.0237",1.779707435,>>>,CER,10000,0.025,NA,NA,UnPooled,CombinationTest,3,1,list('EP1' = 'Binary'),NA,NA,"list('EP1' = c(0.4, 0.4, 0.4))","c(1,1,1)",matrix(1),"c(rep(1/2,2))","rbind(H1=c(0,1), H2=c(1,0))",Parametric,"c(0.5,1)",asOF,FALSE,TRUE,1,1,pvalue,threshold,0.75,TRUE,Selection,20000,2000,343,TRUE,FALSE,TRUE,FALSE,2/6,x,7
59,"Fut=0.25, Param, SS=10k, all props=0.4, SSR=Sel, lk1=0.5, no CC",4346,0.024221225,0,0,0.024221225,"(0.02332,0.02512)","(0,0)","(0,0)","(0.02332,0.02512)","23,453","0.00115,0.02265",0.7549661,>>>,CER,10000,0.025,NA,NA,UnPooled,CombinationTest,3,1,list('EP1' = 'Binary'),NA,NA,"list('EP1' = c(0.4, 0.4, 0.4))","c(1,1,1)",matrix(1),"c(rep(1/2,2))","rbind(H1=c(0,1), H2=c(1,0))",Parametric,"c(0.5,1)",asOF,FALSE,TRUE,1,1,pvalue,threshold,0.25,TRUE,Selection,20000,2000,4346,TRUE,FALSE,TRUE,FALSE,3,x,3
60,"Sel Best=2, Param, SS=10k, all props=0.4, SSR=Sel, lk1=0.5, no CC",2300,0.02526865,0,0,0.02526865,"(0.02438,0.02616)","(0,0)","(0,0)","(0.02438,0.02616)","23,463","0.00115,0.02315",2.109525866,>>>,CER,10000,0.025,NA,NA,UnPooled,CombinationTest,3,1,list('EP1' = 'Binary'),NA,NA,"list('EP1' = c(0.4, 0.4, 0.4))","c(1,1,1)",matrix(1),"c(rep(1/2,2))","rbind(H1=c(0,1), H2=c(1,0))",Parametric,"c(0.5,1)",asOF,FALSE,TRUE,1,1,pvalue,best,2,TRUE,Selection,20000,2000,2300,TRUE,FALSE,TRUE,FALSE,0,x,11
61,"Fut=0.5, Param, SS=10k, all props=0.4, SSR=None, lk1=0.5, no CC",2402,0.0252502,0,0,0.0252502,"(0.02435,0.02615)","(0,0)","(0,0)","(0.02435,0.02615)","24,457","0.0012,0.02285",1.293508627,>>>,CER,10000,0.025,NA,NA,UnPooled,CombinationTest,3,1,list('EP1' = 'Binary'),NA,NA,"list('EP1' = c(0.4, 0.4, 0.4))","c(1,1,1)",matrix(1),"c(rep(1/2,2))","rbind(H1=c(0,1), H2=c(1,0))",Parametric,"c(0.5,1)",asOF,FALSE,TRUE,1,1,pvalue,threshold,0.5,FALSE,None,20000,2000,2402,TRUE,FALSE,TRUE,FALSE,5,x,5
62,"No sel, Param, SS=10k, all props=0.4, lk1=0.5, CC",64564,0.025111325,0,0,0.025111325,"(0.02418,0.02604)","(0,0)","(0,0)","(0.02418,0.02604)","33,466","0.00165,0.0233",2.105858459,>>>,CER,10000,0.025,NA,NA,UnPooled,CombinationTest,3,1,list('EP1' = 'Binary'),NA,NA,"list('EP1' = c(0.4, 0.4, 0.4))","c(1,1,1)",matrix(1),"c(rep(1/2,2))","rbind(H1=c(0,1), H2=c(1,0))",Parametric,"c(0.5,1)",asOF,FALSE,FALSE,NA,NA,NA,NA,NA,NA,None,20000,2000,64564,TRUE,FALSE,TRUE,TRUE,0,x,1
63,"Fut=0.75, CC, Param, SS=10k, all props=0.4, SSR=Sel, lk1=0.5, CC",343,0.0251571,0,0,0.0251571,"(0.02427,0.02605)","(0,0)","(0,0)","(0.02427,0.02605)","24,472","0.0012,0.0236",1.778839169,>>>,CER,10000,0.025,NA,NA,UnPooled,CombinationTest,3,1,list('EP1' = 'Binary'),NA,NA,"list('EP1' = c(0.4, 0.4, 0.4))","c(1,1,1)",matrix(1),"c(rep(1/2,2))","rbind(H1=c(0,1), H2=c(1,0))",Parametric,"c(0.5,1)",asOF,FALSE,TRUE,1,1,pvalue,threshold,0.75,TRUE,Selection,20000,2000,343,TRUE,FALSE,TRUE,TRUE,0,x,7
64,"Fut=0.25, Param, SS=10k, all props=0.4, SSR=Sel, lk1=0.5, CC",4346,0.024137425,0,0,0.024137425,"(0.02324,0.02503)","(0,0)","(0,0)","(0.02324,0.02503)","23,449","0.00115,0.02245",0.746003368,>>>,CER,10000,0.025,NA,NA,UnPooled,CombinationTest,3,1,list('EP1' = 'Binary'),NA,NA,"list('EP1' = c(0.4, 0.4, 0.4))","c(1,1,1)",matrix(1),"c(rep(1/2,2))","rbind(H1=c(0,1), H2=c(1,0))",Parametric,"c(0.5,1)",asOF,FALSE,TRUE,1,1,pvalue,threshold,0.25,TRUE,Selection,20000,2000,4346,TRUE,FALSE,TRUE,TRUE,0,x,3
65,"Sel Best=2, Param, SS=10k, all props=0.4, SSR=Sel, lk1=0.5, CC",2300,0.02516785,0,0,0.02516785,"(0.02428,0.02606)","(0,0)","(0,0)","(0.02428,0.02606)","23,460","0.00115,0.023",2.078788518,>>>,CER,10000,0.025,NA,NA,UnPooled,CombinationTest,3,1,list('EP1' = 'Binary'),NA,NA,"list('EP1' = c(0.4, 0.4, 0.4))","c(1,1,1)",matrix(1),"c(rep(1/2,2))","rbind(H1=c(0,1), H2=c(1,0))",Parametric,"c(0.5,1)",asOF,FALSE,TRUE,1,1,pvalue,best,2,TRUE,Selection,20000,2000,2300,TRUE,FALSE,TRUE,TRUE,0,x,11
66,"Fut=0.5, Param, SS=10k, all props=0.4, SSR=None, lk1=0.5, CC",2402,0.0251517,0,0,0.0251517,"(0.02426,0.02605)","(0,0)","(0,0)","(0.02426,0.02605)","24,453","0.0012,0.02265",1.333907248,>>>,CER,10000,0.025,NA,NA,UnPooled,CombinationTest,3,1,list('EP1' = 'Binary'),NA,NA,"list('EP1' = c(0.4, 0.4, 0.4))","c(1,1,1)",matrix(1),"c(rep(1/2,2))","rbind(H1=c(0,1), H2=c(1,0))",Parametric,"c(0.5,1)",asOF,FALSE,TRUE,1,1,pvalue,threshold,0.5,FALSE,None,20000,2000,2402,TRUE,FALSE,TRUE,TRUE,0,x,5
67,"No sel, Param, SS=1k, all props=0.4, lk1=0.5, no CC",64564,0.0254968,0,0,0.0254968,"(0.02455,0.02644)","(0,0)","(0,0)","(0.02455,0.02644)","38,479","0.0019,0.02395",2.00365674,>>>,CER,1000,0.025,NA,NA,UnPooled,CombinationTest,3,1,list('EP1' = 'Binary'),NA,NA,"list('EP1' = c(0.4, 0.4, 0.4))","c(1,1,1)",matrix(1),"c(rep(1/2,2))","rbind(H1=c(0,1), H2=c(1,0))",Parametric,"c(0.5,1)",asOF,FALSE,FALSE,NA,NA,NA,NA,NA,NA,None,20000,2000,64564,TRUE,FALSE,TRUE,FALSE,0,y,1
68,"Fut=0.75, no CC, Param, SS=1k, all props=0.4, SSR=Sel, lk1=0.5, no CC",343,0.02597355,0,0,0.02597355,"(0.02503,0.02692)","(0,0)","(0,0)","(0.02503,0.02692)","33,491","0.00165,0.02455",1.654245293,>>>,CER,1000,0.025,NA,NA,UnPooled,CombinationTest,3,1,list('EP1' = 'Binary'),NA,NA,"list('EP1' = c(0.4, 0.4, 0.4))","c(1,1,1)",matrix(1),"c(rep(1/2,2))","rbind(H1=c(0,1), H2=c(1,0))",Parametric,"c(0.5,1)",asOF,FALSE,TRUE,1,1,pvalue,threshold,0.75,TRUE,Selection,20000,2000,343,TRUE,FALSE,TRUE,FALSE,2/6,y,7
69,"Fut=0.25, Param, SS=1k, all props=0.4, SSR=Sel, lk1=0.5, no CC",4346,0.0246965,0,0,0.0246965,"(0.02375,0.02564)","(0,0)","(0,0)","(0.02375,0.02564)","31,460","0.00155,0.023",0.6911224,>>>,CER,1000,0.025,NA,NA,UnPooled,CombinationTest,3,1,list('EP1' = 'Binary'),NA,NA,"list('EP1' = c(0.4, 0.4, 0.4))","c(1,1,1)",matrix(1),"c(rep(1/2,2))","rbind(H1=c(0,1), H2=c(1,0))",Parametric,"c(0.5,1)",asOF,FALSE,TRUE,1,1,pvalue,threshold,0.25,TRUE,Selection,20000,2000,4346,TRUE,FALSE,TRUE,FALSE,3,y,3
70,"Sel Best=2, Param, SS=1k, all props=0.4, SSR=Sel, lk1=0.5, no CC",2300,0.02619385,0,0,0.02619385,"(0.02524,0.02715)","(0,0)","(0,0)","(0.02524,0.02715)","33,493","0.00165,0.02465",1.992066216,>>>,CER,1000,0.025,NA,NA,UnPooled,CombinationTest,3,1,list('EP1' = 'Binary'),NA,NA,"list('EP1' = c(0.4, 0.4, 0.4))","c(1,1,1)",matrix(1),"c(rep(1/2,2))","rbind(H1=c(0,1), H2=c(1,0))",Parametric,"c(0.5,1)",asOF,FALSE,TRUE,1,1,pvalue,best,2,TRUE,Selection,20000,2000,2300,TRUE,FALSE,TRUE,FALSE,0,y,11
71,"Fut=0.5, Param, SS=1k, all props=0.4, SSR=None, lk1=0.5, no CC",2402,0.0260678,0,0,0.0260678,"(0.02512,0.02702)","(0,0)","(0,0)","(0.02512,0.02702)","33,489","0.00165,0.02445",1.263883791,>>>,CER,1000,0.025,NA,NA,UnPooled,CombinationTest,3,1,list('EP1' = 'Binary'),NA,NA,"list('EP1' = c(0.4, 0.4, 0.4))","c(1,1,1)",matrix(1),"c(rep(1/2,2))","rbind(H1=c(0,1), H2=c(1,0))",Parametric,"c(0.5,1)",asOF,FALSE,TRUE,1,1,pvalue,threshold,0.5,FALSE,None,20000,2000,2402,TRUE,FALSE,TRUE,FALSE,5,y,5
72,"No sel, Param, SS=1k, all props=0.4, lk1=0.5, CC",64564,0.024516475,0,0,0.024516475,"(0.0236,0.02543)","(0,0)","(0,0)","(0.0236,0.02543)","34,466","0.0017,0.0233",1.992001918,>>>,CER,1000,0.025,NA,NA,UnPooled,CombinationTest,3,1,list('EP1' = 'Binary'),NA,NA,"list('EP1' = c(0.4, 0.4, 0.4))","c(1,1,1)",matrix(1),"c(rep(1/2,2))","rbind(H1=c(0,1), H2=c(1,0))",Parametric,"c(0.5,1)",asOF,FALSE,FALSE,NA,NA,NA,NA,NA,NA,None,20000,2000,64564,TRUE,FALSE,TRUE,TRUE,0,y,1
73,"Fut=0.75, CC, Param, SS=1k, all props=0.4, SSR=Sel, lk1=0.5, CC",343,0.024937425,0,0,0.024937425,"(0.02403,0.02585)","(0,0)","(0,0)","(0.02403,0.02585)","28,476","0.0014,0.0238",1.697758272,>>>,CER,1000,0.025,NA,NA,UnPooled,CombinationTest,3,1,list('EP1' = 'Binary'),NA,NA,"list('EP1' = c(0.4, 0.4, 0.4))","c(1,1,1)",matrix(1),"c(rep(1/2,2))","rbind(H1=c(0,1), H2=c(1,0))",Parametric,"c(0.5,1)",asOF,FALSE,TRUE,1,1,pvalue,threshold,0.75,TRUE,Selection,20000,2000,343,TRUE,FALSE,TRUE,TRUE,0,y,7
74,"Fut=0.25, Param, SS=1k, all props=0.4, SSR=Sel, lk1=0.5, CC",4346,0.0237966,0,0,0.0237966,"(0.02288,0.02471)","(0,0)","(0,0)","(0.02288,0.02471)","27,446","0.00135,0.0223",0.701999332,>>>,CER,1000,0.025,NA,NA,UnPooled,CombinationTest,3,1,list('EP1' = 'Binary'),NA,NA,"list('EP1' = c(0.4, 0.4, 0.4))","c(1,1,1)",matrix(1),"c(rep(1/2,2))","rbind(H1=c(0,1), H2=c(1,0))",Parametric,"c(0.5,1)",asOF,FALSE,TRUE,1,1,pvalue,threshold,0.25,TRUE,Selection,20000,2000,4346,TRUE,FALSE,TRUE,TRUE,0,y,3
75,"Sel Best=2, Param, SS=1k, all props=0.4, SSR=Sel, lk1=0.5, CC",2300,0.025166425,0,0,0.025166425,"(0.02425,0.02609)","(0,0)","(0,0)","(0.02425,0.02609)","29,477","0.00145,0.02385",1.956813317,>>>,CER,1000,0.025,NA,NA,UnPooled,CombinationTest,3,1,list('EP1' = 'Binary'),NA,NA,"list('EP1' = c(0.4, 0.4, 0.4))","c(1,1,1)",matrix(1),"c(rep(1/2,2))","rbind(H1=c(0,1), H2=c(1,0))",Parametric,"c(0.5,1)",asOF,FALSE,TRUE,1,1,pvalue,best,2,TRUE,Selection,20000,2000,2300,TRUE,FALSE,TRUE,TRUE,0,y,11
76,"Fut=0.5, Param, SS=1k, all props=0.4, SSR=None, lk1=0.5, CC",2402,0.025045525,0,0,0.025045525,"(0.02413,0.02597)","(0,0)","(0,0)","(0.02413,0.02597)","29,474","0.00145,0.0237",1.263870974,>>>,CER,1000,0.025,NA,NA,UnPooled,CombinationTest,3,1,list('EP1' = 'Binary'),NA,NA,"list('EP1' = c(0.4, 0.4, 0.4))","c(1,1,1)",matrix(1),"c(rep(1/2,2))","rbind(H1=c(0,1), H2=c(1,0))",Parametric,"c(0.5,1)",asOF,FALSE,TRUE,1,1,pvalue,threshold,0.5,FALSE,None,20000,2000,2402,TRUE,FALSE,TRUE,TRUE,0,y,5
77,"No sel, Param, SS=3k, all props=0.4, lk1=0.5, no CC",64564,0.024440125,0,0,0.024440125,"(0.02353,0.02535)","(0,0)","(0,0)","(0.02353,0.02535)","33,433","0.00165,0.02165",2.058907338,>>>,CER,3000,0.025,NA,NA,UnPooled,CombinationTest,3,1,list('EP1' = 'Binary'),NA,NA,"list('EP1' = c(0.4, 0.4, 0.4))","c(1,1,1)",matrix(1),"c(rep(1/2,2))","rbind(H1=c(0,1), H2=c(1,0))",Parametric,"c(0.5,1)",asOF,FALSE,FALSE,NA,NA,NA,NA,NA,NA,None,20000,2000,64564,TRUE,FALSE,TRUE,FALSE,0,z,1
78,"Fut=0.75, no CC, Param, SS=3k, all props=0.4, SSR=Sel, lk1=0.5, no CC",343,0.026058375,0,0,0.026058375,"(0.0251,0.02701)","(0,0)","(0,0)","(0.0251,0.02701)","34,446","0.0017,0.0223",1.667124909,>>>,CER,3000,0.025,NA,NA,UnPooled,CombinationTest,3,1,list('EP1' = 'Binary'),NA,NA,"list('EP1' = c(0.4, 0.4, 0.4))","c(1,1,1)",matrix(1),"c(rep(1/2,2))","rbind(H1=c(0,1), H2=c(1,0))",Parametric,"c(0.5,1)",asOF,FALSE,TRUE,1,1,pvalue,threshold,0.75,TRUE,Selection,20000,2000,343,TRUE,FALSE,TRUE,FALSE,6,z,7
79,"Fut=0.25, Param, SS=3k, all props=0.4, SSR=Sel, lk1=0.5, no CC",4346,0.024750125,0,0,0.024750125,"(0.02381,0.02569)","(0,0)","(0,0)","(0.02381,0.02569)","31,437","0.00155,0.02185",0.70380943,>>>,CER,3000,0.025,NA,NA,UnPooled,CombinationTest,3,1,list('EP1' = 'Binary'),NA,NA,"list('EP1' = c(0.4, 0.4, 0.4))","c(1,1,1)",matrix(1),"c(rep(1/2,2))","rbind(H1=c(0,1), H2=c(1,0))",Parametric,"c(0.5,1)",asOF,FALSE,TRUE,1,1,pvalue,threshold,0.25,TRUE,Selection,20000,2000,4346,TRUE,FALSE,TRUE,FALSE,3,z,3
80,"Sel Best=2, Param, SS=3k, all props=0.4, SSR=Sel, lk1=0.5, no CC",2300,0.02602645,0,0,0.02602645,"(0.0251,0.02695)","(0,0)","(0,0)","(0.0251,0.02695)","28,459","0.0014,0.02295",2.017859048,>>>,CER,3000,0.025,NA,NA,UnPooled,CombinationTest,3,1,list('EP1' = 'Binary'),NA,NA,"list('EP1' = c(0.4, 0.4, 0.4))","c(1,1,1)",matrix(1),"c(rep(1/2,2))","rbind(H1=c(0,1), H2=c(1,0))",Parametric,"c(0.5,1)",asOF,FALSE,TRUE,1,1,pvalue,best,2,TRUE,Selection,20000,2000,2300,TRUE,FALSE,TRUE,FALSE,0,z,11
81,"Fut=0.5, Param, SS=3k, all props=0.4, SSR=None, lk1=0.5, no CC",2402,0.025948225,0,0,0.025948225,"(0.02502,0.02688)","(0,0)","(0,0)","(0.02502,0.02688)","28,460","0.0014,0.023",1.268214301,>>>,CER,3000,0.025,NA,NA,UnPooled,CombinationTest,3,1,list('EP1' = 'Binary'),NA,NA,"list('EP1' = c(0.4, 0.4, 0.4))","c(1,1,1)",matrix(1),"c(rep(1/2,2))","rbind(H1=c(0,1), H2=c(1,0))",Parametric,"c(0.5,1)",asOF,FALSE,TRUE,1,1,pvalue,threshold,0.5,FALSE,None,20000,2000,2402,TRUE,FALSE,TRUE,FALSE,5,z,5
82,"No sel, Param, SS=3k, all props=0.4, lk1=0.5, CC",64564,0.02429715,0,0,0.02429715,"(0.02339,0.02521)","(0,0)","(0,0)","(0.02339,0.02521)","33,429","0.00165,0.02145",2.072398664,>>>,CER,3000,0.025,NA,NA,UnPooled,CombinationTest,3,1,list('EP1' = 'Binary'),NA,NA,"list('EP1' = c(0.4, 0.4, 0.4))","c(1,1,1)",matrix(1),"c(rep(1/2,2))","rbind(H1=c(0,1), H2=c(1,0))",Parametric,"c(0.5,1)",asOF,FALSE,FALSE,NA,NA,NA,NA,NA,NA,None,20000,2000,64564,TRUE,FALSE,TRUE,TRUE,0,z,1
83,"Fut=0.75, CC, Param, SS=3k, all props=0.4, SSR=Sel, lk1=0.5, CC",343,0.025912825,0,0,0.025912825,"(0.02496,0.02687)","(0,0)","(0,0)","(0.02496,0.02687)","34,443","0.0017,0.02215",1.670444301,>>>,CER,3000,0.025,NA,NA,UnPooled,CombinationTest,3,1,list('EP1' = 'Binary'),NA,NA,"list('EP1' = c(0.4, 0.4, 0.4))","c(1,1,1)",matrix(1),"c(rep(1/2,2))","rbind(H1=c(0,1), H2=c(1,0))",Parametric,"c(0.5,1)",asOF,FALSE,TRUE,1,1,pvalue,threshold,0.75,TRUE,Selection,20000,2000,343,TRUE,FALSE,TRUE,TRUE,0,z,7
84,"Fut=0.25, Param, SS=3k, all props=0.4, SSR=Sel, lk1=0.5, CC",4346,0.024604075,0,0,0.024604075,"(0.02366,0.02554)","(0,0)","(0,0)","(0.02366,0.02554)","31,435","0.00155,0.02175",0.701700776,>>>,CER,3000,0.025,NA,NA,UnPooled,CombinationTest,3,1,list('EP1' = 'Binary'),NA,NA,"list('EP1' = c(0.4, 0.4, 0.4))","c(1,1,1)",matrix(1),"c(rep(1/2,2))","rbind(H1=c(0,1), H2=c(1,0))",Parametric,"c(0.5,1)",asOF,FALSE,TRUE,1,1,pvalue,threshold,0.25,TRUE,Selection,20000,2000,4346,TRUE,FALSE,TRUE,TRUE,0,z,3
85,"Sel Best=2, Param, SS=3k, all props=0.4, SSR=Sel, lk1=0.5, CC",2300,0.025882025,0,0,0.025882025,"(0.02496,0.02681)","(0,0)","(0,0)","(0.02496,0.02681)","28,456","0.0014,0.0228",2.011361859,>>>,CER,3000,0.025,NA,NA,UnPooled,CombinationTest,3,1,list('EP1' = 'Binary'),NA,NA,"list('EP1' = c(0.4, 0.4, 0.4))","c(1,1,1)",matrix(1),"c(rep(1/2,2))","rbind(H1=c(0,1), H2=c(1,0))",Parametric,"c(0.5,1)",asOF,FALSE,TRUE,1,1,pvalue,best,2,TRUE,Selection,20000,2000,2300,TRUE,FALSE,TRUE,TRUE,0,z,11
86,"Fut=0.5, Param, SS=3k, all props=0.4, SSR=None, lk1=0.5, CC",2402,0.025807425,0,0,0.025807425,"(0.02488,0.02673)","(0,0)","(0,0)","(0.02488,0.02673)","28,458","0.0014,0.0229",1.288355852,>>>,CER,3000,0.025,NA,NA,UnPooled,CombinationTest,3,1,list('EP1' = 'Binary'),NA,NA,"list('EP1' = c(0.4, 0.4, 0.4))","c(1,1,1)",matrix(1),"c(rep(1/2,2))","rbind(H1=c(0,1), H2=c(1,0))",Parametric,"c(0.5,1)",asOF,FALSE,TRUE,1,1,pvalue,threshold,0.5,FALSE,None,20000,2000,2402,TRUE,FALSE,TRUE,TRUE,0,z,5
87,"Fut=0.5, Param, SS=10k, all props=0.4, SSR=None, lk1=0.75, no CC",2402,0.0263782,0,0,0.0263782,"(0.02478,0.02797)","(0,0)","(0,0)","(0.02478,0.02797)","217,300","0.01085,0.015",1.242801193,>>>,CER,10000,0.025,NA,NA,UnPooled,CombinationTest,3,1,list('EP1' = 'Binary'),NA,NA,"list('EP1' = c(0.4, 0.4, 0.4))","c(1,1,1)",matrix(1),"c(rep(1/2,2))","rbind(H1=c(0,1), H2=c(1,0))",Parametric,"c(0.75,1)",asOF,FALSE,TRUE,1,1,pvalue,threshold,0.5,FALSE,None,20000,2000,2402,TRUE,FALSE,TRUE,FALSE,0,w,6
88,"No sel, Param, SS=1k, all props=0.4, lk1=0.75, no CC",64564,0.0248401,0,0,0.0248401,"(0.0233,0.02638)","(0,0)","(0,0)","(0.0233,0.02638)","200,297","0.01,0.01485",1.99490123,>>>,CER,1000,0.025,NA,NA,UnPooled,CombinationTest,3,1,list('EP1' = 'Binary'),NA,NA,"list('EP1' = c(0.4, 0.4, 0.4))","c(1,1,1)",matrix(1),"c(rep(1/2,2))","rbind(H1=c(0,1), H2=c(1,0))",Parametric,"c(0.75,1)",asOF,FALSE,FALSE,NA,NA,NA,NA,NA,NA,None,20000,2000,64564,TRUE,FALSE,TRUE,FALSE,1,w,2
89,"No sel, Param, SS=3k, all props=0.4, lk1=0.75, no CC",64564,0.02488435,0,0,0.02488435,"(0.02336,0.02641)","(0,0)","(0,0)","(0.02336,0.02641)","195,300","0.00975,0.015",2.039862398,>>>,CER,3000,0.025,NA,NA,UnPooled,CombinationTest,3,1,list('EP1' = 'Binary'),NA,NA,"list('EP1' = c(0.4, 0.4, 0.4))","c(1,1,1)",matrix(1),"c(rep(1/2,2))","rbind(H1=c(0,1), H2=c(1,0))",Parametric,"c(0.75,1)",asOF,FALSE,FALSE,NA,NA,NA,NA,NA,NA,None,20000,2000,64564,TRUE,FALSE,TRUE,FALSE,1,w,2
90,"Sel Best=2, Param, SS=10k, all props=0.4, SSR=Sel, lk1=0.75, no CC",2300,0.026235925,0,0,0.026235925,"(0.02465,0.02782)","(0,0)","(0,0)","(0.02465,0.02782)","214,300","0.0107,0.015",2.006036148,>>>,CER,10000,0.025,NA,NA,UnPooled,CombinationTest,3,1,list('EP1' = 'Binary'),NA,NA,"list('EP1' = c(0.4, 0.4, 0.4))","c(1,1,1)",matrix(1),"c(rep(1/2,2))","rbind(H1=c(0,1), H2=c(1,0))",Parametric,"c(0.75,1)",asOF,FALSE,TRUE,1,1,pvalue,best,2,TRUE,Selection,20000,2000,2300,TRUE,FALSE,TRUE,FALSE,4,w,12
91,"Sel Best=2, Param, SS=1k, all props=0.4, SSR=Sel, lk1=0.75, no CC",2300,0.02647405,0,0,0.02647405,"(0.0249,0.02804)","(0,0)","(0,0)","(0.0249,0.02804)","207,352","0.01035,0.0176",1.970936879,>>>,CER,1000,0.025,NA,NA,UnPooled,CombinationTest,3,1,list('EP1' = 'Binary'),NA,NA,"list('EP1' = c(0.4, 0.4, 0.4))","c(1,1,1)",matrix(1),"c(rep(1/2,2))","rbind(H1=c(0,1), H2=c(1,0))",Parametric,"c(0.75,1)",asOF,FALSE,TRUE,1,1,pvalue,best,2,TRUE,Selection,20000,2000,2300,TRUE,FALSE,TRUE,FALSE,4,w,12
92,"Fut=0.5, Param, SS=3k, all props=0.4, SSR=None, lk1=0.75, no CC",2402,0.0267986,0,0,0.0267986,"(0.02522,0.02838)","(0,0)","(0,0)","(0.02522,0.02838)","207,334","0.01035,0.0167",1.230920225,>>>,CER,3000,0.025,NA,NA,UnPooled,CombinationTest,3,1,list('EP1' = 'Binary'),NA,NA,"list('EP1' = c(0.4, 0.4, 0.4))","c(1,1,1)",matrix(1),"c(rep(1/2,2))","rbind(H1=c(0,1), H2=c(1,0))",Parametric,"c(0.75,1)",asOF,FALSE,TRUE,1,1,pvalue,threshold,0.5,FALSE,None,20000,2000,2402,TRUE,FALSE,TRUE,FALSE,0,w,6
93,"Fut=0.5, Param, SS=10k, all props=0.4, SSR=None, lk1=0.75, CC",2402,0.0262931,0,0,0.0262931,"(0.0247,0.02789)","(0,0)","(0,0)","(0.0247,0.02789)","217,300","0.01085,0.015",1.229324989,>>>,CER,10000,0.025,NA,NA,UnPooled,CombinationTest,3,1,list('EP1' = 'Binary'),NA,NA,"list('EP1' = c(0.4, 0.4, 0.4))","c(1,1,1)",matrix(1),"c(rep(1/2,2))","rbind(H1=c(0,1), H2=c(1,0))",Parametric,"c(0.75,1)",asOF,FALSE,TRUE,1,1,pvalue,threshold,0.5,FALSE,None,20000,2000,2402,TRUE,FALSE,TRUE,TRUE,0,w,6
94,"No sel, Param, SS=1k, all props=0.4, lk1=0.75, CC",64564,0.0239391,0,0,0.0239391,"(0.02243,0.02545)","(0,0)","(0,0)","(0.02243,0.02545)","193,287","0.00965,0.01435",1.966191044,>>>,CER,1000,0.025,NA,NA,UnPooled,CombinationTest,3,1,list('EP1' = 'Binary'),NA,NA,"list('EP1' = c(0.4, 0.4, 0.4))","c(1,1,1)",matrix(1),"c(rep(1/2,2))","rbind(H1=c(0,1), H2=c(1,0))",Parametric,"c(0.75,1)",asOF,FALSE,FALSE,NA,NA,NA,NA,NA,NA,None,20000,2000,64564,TRUE,FALSE,TRUE,TRUE,0,w,2
95,"No sel, Param, SS=3k, all props=0.4, lk1=0.75, CC",64564,0.024739225,0,0,0.024739225,"(0.02322,0.02626)","(0,0)","(0,0)","(0.02322,0.02626)","194,294","0.0097,0.0147",1.970032573,>>>,CER,3000,0.025,NA,NA,UnPooled,CombinationTest,3,1,list('EP1' = 'Binary'),NA,NA,"list('EP1' = c(0.4, 0.4, 0.4))","c(1,1,1)",matrix(1),"c(rep(1/2,2))","rbind(H1=c(0,1), H2=c(1,0))",Parametric,"c(0.75,1)",asOF,FALSE,FALSE,NA,NA,NA,NA,NA,NA,None,20000,2000,64564,TRUE,FALSE,TRUE,TRUE,0,w,2
96,"Sel Best=2, Param, SS=10k, all props=0.4, SSR=Sel, lk1=0.75, CC",2300,0.02615085,0,0,0.02615085,"(0.02457,0.02774)","(0,0)","(0,0)","(0.02457,0.02774)","214,300","0.0107,0.015",2.025332529,>>>,CER,10000,0.025,NA,NA,UnPooled,CombinationTest,3,1,list('EP1' = 'Binary'),NA,NA,"list('EP1' = c(0.4, 0.4, 0.4))","c(1,1,1)",matrix(1),"c(rep(1/2,2))","rbind(H1=c(0,1), H2=c(1,0))",Parametric,"c(0.75,1)",asOF,FALSE,TRUE,1,1,pvalue,best,2,TRUE,Selection,20000,2000,2300,TRUE,FALSE,TRUE,TRUE,0,w,12
97,"Sel Best=2, Param, SS=1k, all props=0.4, SSR=Sel, lk1=0.75, CC",2300,0.0253793,0,0,0.0253793,"(0.02385,0.02691)","(0,0)","(0,0)","(0.02385,0.02691)","194,338","0.0097,0.0169",1.906130979,>>>,CER,1000,0.025,NA,NA,UnPooled,CombinationTest,3,1,list('EP1' = 'Binary'),NA,NA,"list('EP1' = c(0.4, 0.4, 0.4))","c(1,1,1)",matrix(1),"c(rep(1/2,2))","rbind(H1=c(0,1), H2=c(1,0))",Parametric,"c(0.75,1)",asOF,FALSE,TRUE,1,1,pvalue,best,2,TRUE,Selection,20000,2000,2300,TRUE,FALSE,TRUE,TRUE,0,w,12
98,"Fut=0.5, Param, SS=3k, all props=0.4, SSR=None, lk1=0.75, CC",2402,0.026662425,0,0,0.026662425,"(0.02508,0.02824)","(0,0)","(0,0)","(0.02508,0.02824)","207,332","0.01035,0.0166",1.241951141,>>>,CER,3000,0.025,NA,NA,UnPooled,CombinationTest,3,1,list('EP1' = 'Binary'),NA,NA,"list('EP1' = c(0.4, 0.4, 0.4))","c(1,1,1)",matrix(1),"c(rep(1/2,2))","rbind(H1=c(0,1), H2=c(1,0))",Parametric,"c(0.75,1)",asOF,FALSE,TRUE,1,1,pvalue,threshold,0.5,FALSE,None,20000,2000,2402,TRUE,FALSE,TRUE,TRUE,0,w,6
99,"Sel Best=1, Param, SS=600, all props=0.4, SSR=Sel, lk1=0.5, CC",59079,0.0256477,0,0,0.0256477,"(0.02426,0.02704)","(0,0)","(0,0)","(0.02426,0.02704)","23,234","0.0023,0.0234",0.419742895,>>>,CER,600,0.025,NA,NA,UnPooled,CombinationTest,3,1,list('EP1' = 'Binary'),NA,NA,"list('EP1' = c(0.4, 0.4, 0.4))","c(1,1,1)",matrix(1),"c(rep(1/2,2))","rbind(H1=c(0,1), H2=c(1,0))",Parametric,"c(0.5,1)",asOF,FALSE,TRUE,1,1,pvalue,best,1,TRUE,Selection,10000,1000,59079,TRUE,FALSE,TRUE,TRUE,NA,NA,9
100,"Sel Best=1, Param, SS=1000, all props=0.4, SSR=None, lk1=0.5, CC, FWCtr=None",70743,0.0246432,0,0,0.0246432,"(0.02332,0.02596)","(0,0)","(0,0)","(0.02332,0.02596)","19,249","0.0019,0.0249",0.445201031,>>>,CER,1000,0.025,NA,NA,UnPooled,None,3,1,list('EP1' = 'Binary'),NA,NA,"list('EP1' = c(0.4, 0.4, 0.4))","c(1,1,1)",matrix(1),"c(rep(1/2,2))","rbind(H1=c(0,1), H2=c(1,0))",Parametric,"c(0.5,1)",asOF,FALSE,TRUE,1,1,delta,best,1,FALSE,None,10000,1000,70743,TRUE,FALSE,TRUE,TRUE,NA,NA,9
101,"Sel Best=1, Param, SS=3000, all props=0.4, SSR=Sel, lk1=0.5, CC",59079,0.02406,0,0,0.02406,"(0.02283,0.02529)","(0,0)","(0,0)","(0.02283,0.02529)","12,225","0.0012,0.0225",0.426222937,>>>,CER,3000,0.025,NA,NA,UnPooled,CombinationTest,3,1,list('EP1' = 'Binary'),NA,NA,"list('EP1' = c(0.4, 0.4, 0.4))","c(1,1,1)",matrix(1),"c(rep(1/2,2))","rbind(H1=c(0,1), H2=c(1,0))",Parametric,"c(0.5,1)",asOF,FALSE,TRUE,1,1,pvalue,best,1,TRUE,Selection,10000,1000,59079,TRUE,FALSE,TRUE,TRUE,NA,NA,9
102,"Sel Best=1, Param, SS=5000, all props=0.4, SSR=None, lk1=0.5, CC, FWCtr=None",70743,0.0238987,0,0,0.0238987,"(0.02267,0.02513)","(0,0)","(0,0)","(0.02267,0.02513)","12,203","0.0012,0.0203",0.454538739,>>>,CER,5000,0.025,NA,NA,UnPooled,None,3,1,list('EP1' = 'Binary'),NA,NA,"list('EP1' = c(0.4, 0.4, 0.4))","c(1,1,1)",matrix(1),"c(rep(1/2,2))","rbind(H1=c(0,1), H2=c(1,0))",Parametric,"c(0.5,1)",asOF,FALSE,TRUE,1,1,delta,best,1,FALSE,None,10000,1000,70743,TRUE,FALSE,TRUE,TRUE,NA,NA,9
103,"Sel Best=1, Param, SS=600, all props=0.4, SSR=Sel, lk1=0.5, CC",59079,0.0251165,0,0,0.0251165,"(0.02292,0.02731)","(0,0)","(0,0)","(0.02292,0.02731)","105,126","0.0105,0.0126",0.415651014,>>>,CER,600,0.025,NA,NA,UnPooled,CombinationTest,3,1,list('EP1' = 'Binary'),NA,NA,"list('EP1' = c(0.4, 0.4, 0.4))","c(1,1,1)",matrix(1),"c(rep(1/2,2))","rbind(H1=c(0,1), H2=c(1,0))",Parametric,"c(0.75,1)",asOF,FALSE,TRUE,1,1,pvalue,best,1,TRUE,Selection,10000,1000,59079,TRUE,FALSE,TRUE,TRUE,NA,NA,10
104,"Sel Best=1, Param, SS=1000, all props=0.4, SSR=None, lk1=0.5, CC, FWCtr=None",70743,0.0239414,0,0,0.0239414,"(0.02179,0.02609)","(0,0)","(0,0)","(0.02179,0.02609)","98,131","0.0098,0.0131",0.44773567,>>>,CER,1000,0.025,NA,NA,UnPooled,None,3,1,list('EP1' = 'Binary'),NA,NA,"list('EP1' = c(0.4, 0.4, 0.4))","c(1,1,1)",matrix(1),"c(rep(1/2,2))","rbind(H1=c(0,1), H2=c(1,0))",Parametric,"c(0.75,1)",asOF,FALSE,TRUE,1,1,delta,best,1,FALSE,None,10000,1000,70743,TRUE,FALSE,TRUE,TRUE,NA,NA,10
105,"Sel Best=1, Param, SS=3000, all props=0.4, SSR=Sel, lk1=0.5, CC",59079,0.0250612,0,0,0.0250612,"(0.0229,0.02723)","(0,0)","(0,0)","(0.0229,0.02723)","99,159","0.0099,0.0159",0.422658088,>>>,CER,3000,0.025,NA,NA,UnPooled,CombinationTest,3,1,list('EP1' = 'Binary'),NA,NA,"list('EP1' = c(0.4, 0.4, 0.4))","c(1,1,1)",matrix(1),"c(rep(1/2,2))","rbind(H1=c(0,1), H2=c(1,0))",Parametric,"c(0.75,1)",asOF,FALSE,TRUE,1,1,pvalue,best,1,TRUE,Selection,10000,1000,59079,TRUE,FALSE,TRUE,TRUE,NA,NA,10
106,"Sel Best=1, Param, SS=5000, all props=0.4, SSR=None, lk1=0.5, CC, FWCtr=None",70743,0.0242627,0,0,0.0242627,"(0.02217,0.02635)","(0,0)","(0,0)","(0.02217,0.02635)","86,150","0.0086,0.015",0.451815361,>>>,CER,5000,0.025,NA,NA,UnPooled,None,3,1,list('EP1' = 'Binary'),NA,NA,"list('EP1' = c(0.4, 0.4, 0.4))","c(1,1,1)",matrix(1),"c(rep(1/2,2))","rbind(H1=c(0,1), H2=c(1,0))",Parametric,"c(0.75,1)",asOF,FALSE,TRUE,1,1,delta,best,1,FALSE,None,10000,1000,70743,TRUE,FALSE,TRUE,TRUE,NA,NA,10
107,"Fut=0.75, CC, Param, SS=10k, all props=0.4, SSR=Sel, lk1=0.5, CC",343,0.02682785,0,0,0.02682785,"(0.02522,0.02843)","(0,0)","(0,0)","(0.02522,0.02843)","217,316","0.01085,0.0158",1.667228858,>>>,CER,5000,0.025,NA,NA,UnPooled,CombinationTest,3,1,list('EP1' = 'Binary'),NA,NA,"list('EP1' = c(0.4, 0.4, 0.4))","c(1,1,1)",matrix(1),"c(rep(1/2,2))","rbind(H1=c(0,1), H2=c(1,0))",Parametric,"c(0.75,1)",asOF,FALSE,TRUE,1,1,pvalue,threshold,0.75,TRUE,Selection,20000,2000,343,TRUE,FALSE,TRUE,TRUE,NA,x,8
108,"Fut=0.75, CC, Param, SS=1k, all props=0.4, SSR=Sel, lk1=0.5, CC",343,0.024838275,0,0,0.024838275,"(0.02333,0.02635)","(0,0)","(0,0)","(0.02333,0.02635)","188,332","0.0094,0.0166",1.67874352,>>>,CER,1000,0.025,NA,NA,UnPooled,CombinationTest,3,1,list('EP1' = 'Binary'),NA,NA,"list('EP1' = c(0.4, 0.4, 0.4))","c(1,1,1)",matrix(1),"c(rep(1/2,2))","rbind(H1=c(0,1), H2=c(1,0))",Parametric,"c(0.75,1)",asOF,FALSE,TRUE,1,1,pvalue,threshold,0.75,TRUE,Selection,20000,2000,343,TRUE,FALSE,TRUE,TRUE,NA,y,8
109,"Fut=0.75, CC, Param, SS=3k, all props=0.4, SSR=Sel, lk1=0.5, CC",343,0.026484575,0,0,0.026484575,"(0.02489,0.02808)","(0,0)","(0,0)","(0.02489,0.02808)","214,321","0.0107,0.01605",1.626322071,>>>,CER,3000,0.025,NA,NA,UnPooled,CombinationTest,3,1,list('EP1' = 'Binary'),NA,NA,"list('EP1' = c(0.4, 0.4, 0.4))","c(1,1,1)",matrix(1),"c(rep(1/2,2))","rbind(H1=c(0,1), H2=c(1,0))",Parametric,"c(0.75,1)",asOF,FALSE,TRUE,1,1,pvalue,threshold,0.75,TRUE,Selection,20000,2000,343,TRUE,FALSE,TRUE,TRUE,NA,z,8
110,"Fut=0.25, Param, SS=400, all props=0.4, SSR=Sel, lk1=0.75, CC",4346,0.0255096,0,0,0.0255096,"(0.02327,0.02775)","(0,0)","(0,0)","(0.02327,0.02775)","109,140","0.0109,0.014",0.184139039,>>>,CER,400,0.025,NA,NA,UnPooled,CombinationTest,3,1,list('EP1' = 'Binary'),NA,NA,"list('EP1' = c(0.4, 0.4, 0.4))","c(1,1,1)",matrix(1),"c(rep(1/2,2))","rbind(H1=c(0,1), H2=c(1,0))",Parametric,"c(0.75,1)",asOF,FALSE,TRUE,1,1,pvalue,threshold,0.25,TRUE,Selection,10000,1000,4346,TRUE,FALSE,TRUE,TRUE,3,Orig,4
111,"Fut=0.25, Param, SS=1000, all props=0.4, SSR=Sel, lk1=0.75, CC",4346,0.0238769,0,0,0.0238769,"(0.02182,0.02593)","(0,0)","(0,0)","(0.02182,0.02593)","85,152","0.0085,0.0152",0.179441342,>>>,CER,1000,0.025,NA,NA,UnPooled,CombinationTest,3,1,list('EP1' = 'Binary'),NA,NA,"list('EP1' = c(0.4, 0.4, 0.4))","c(1,1,1)",matrix(1),"c(rep(1/2,2))","rbind(H1=c(0,1), H2=c(1,0))",Parametric,"c(0.75,1)",asOF,FALSE,TRUE,1,1,pvalue,threshold,0.25,TRUE,Selection,10000,1000,4346,TRUE,FALSE,TRUE,TRUE,3,Orig,4
112,"Fut=0.25, Param, SS=3000, all props=0.4, SSR=Sel, lk1=0.75, CC",4346,0.027602,0,0,0.027602,"(0.02527,0.02993)","(0,0)","(0,0)","(0.02527,0.02993)","116,148","0.0116,0.0148",0.187838903,>>>,CER,3000,0.025,NA,NA,UnPooled,CombinationTest,3,1,list('EP1' = 'Binary'),NA,NA,"list('EP1' = c(0.4, 0.4, 0.4))","c(1,1,1)",matrix(1),"c(rep(1/2,2))","rbind(H1=c(0,1), H2=c(1,0))",Parametric,"c(0.75,1)",asOF,FALSE,TRUE,1,1,pvalue,threshold,0.25,TRUE,Selection,10000,1000,4346,TRUE,FALSE,TRUE,TRUE,3,Orig,4
113,"Fut=0.25, Param, SS=5000, all props=0.4, SSR=Sel, lk1=0.75, CC",4346,0.0264426,0,0,0.0264426,"(0.02419,0.0287)","(0,0)","(0,0)","(0.02419,0.0287)","107,141","0.0107,0.0141",0.185706559,>>>,CER,5000,0.025,NA,NA,UnPooled,CombinationTest,3,1,list('EP1' = 'Binary'),NA,NA,"list('EP1' = c(0.4, 0.4, 0.4))","c(1,1,1)",matrix(1),"c(rep(1/2,2))","rbind(H1=c(0,1), H2=c(1,0))",Parametric,"c(0.75,1)",asOF,FALSE,TRUE,1,1,pvalue,threshold,0.25,TRUE,Selection,10000,1000,4346,TRUE,FALSE,TRUE,TRUE,3,Orig,4
